"last_name, first_name","player_id","year","pa","k_percent","bb_percent","isolated_power","xwoba","exit_velocity_avg","barrel_batted_rate","hard_hit_percent","z_swing_percent","oz_swing_percent","oz_contact_percent","iz_contact_percent","whiff_percent","swing_percent","pull_percent","f_strike_percent","groundballs_percent","flyballs_percent","linedrives_percent","sprint_speed"
"Cabrera, Miguel",408234,2021,526,22.4,7.6,"0.130",".313","91.4",8.3,49,69.1,30.3,57.2,81.9,25.8,49.4,32.8,62.5,49,25.9,21.5,"24.0"
"Cruz, Nelson",443558,2021,584,21.6,8.7,"0.232",".367","92.9",13.6,52.5,73.8,31,52.6,77.3,30.7,51,36.6,63.4,43.4,25.5,22,"26.0"
"Peralta, David",444482,2021,538,17.1,8.6,"0.143",".294","89.3",5,41.8,66.3,27.4,59.9,86.8,21.3,46.5,31.2,57.8,54.9,15.6,23.2,"27.6"
"Blackmon, Charlie",453568,2021,582,15.6,9.3,"0.141",".358","87.6",7,38.5,67.9,26.2,63.9,85.8,20.2,47.3,35.7,61.3,47.4,22.3,24.4,"27.6"
"McCutchen, Andrew",457705,2021,574,23,14.1,"0.222",".340","88.8",9,39.5,63.7,19.1,50.5,81.1,25.9,41.7,48.7,62.1,40.9,30.5,21.6,"28.7"
"Turner, Justin",457759,2021,612,16,10,"0.193",".361","90.9",7.9,42.4,66.9,22.7,69.4,86.8,17.7,44.5,31.3,55.4,35.4,33.1,24.5,"25.8"
"Votto, Joey",458015,2021,533,23.8,14.4,"0.297",".404","92.9",17.2,53.2,67.9,22,50.8,77.6,29.4,43.9,40.9,58.7,33.2,36.9,25.2,"25.2"
"Andrus, Elvis",462101,2021,541,15,5.7,"0.077",".311","87.8",2.1,34.8,65.9,31.9,61.3,89.6,19.6,48.9,32.2,62.3,47,17.5,28.4,"26.7"
"Santana, Carlos",467793,2021,659,15.5,13.1,"0.128",".333","89.9",6.8,41.9,66.9,22.6,63,83.3,22.3,43.4,43.4,57.2,45.3,26.5,19.2,"25.0"
"Lowrie, Jed",476704,2021,512,21.1,9.6,"0.153",".344","90.7",9.3,45.9,70.8,21,53.9,81.8,24.2,46.7,37.1,58,36.8,32.6,24.9,"25.3"
"Brantley, Michael",488726,2021,508,10.4,6.5,"0.126",".361","89.5",5.8,42.9,65.9,24.1,78.1,92.9,10.9,45.6,33.3,63.3,46.8,20.6,28.8,"25.7"
"Gurriel, Yuli",493329,2021,605,11.2,9.8,"0.143",".326","89.8",3.4,42,62.2,26.1,76.1,91,13.9,42.8,33.3,59.7,41.6,24.3,25.5,"27.0"
"Rojas, Miguel",500743,2021,539,13.7,6.9,"0.127",".286","86.2",2.8,32.9,66.4,26.3,61.8,88.8,19.3,45.7,33.3,57,45.6,22,24.3,"26.6"
"Escobar, Eduardo",500871,2021,599,20.7,8,"0.219",".329","87",8.9,34.5,72.2,28.9,63.7,81.6,23.9,49.5,45.3,57,33.3,33.3,23,"27.4"
"Pham, Tommy",502054,2021,561,22.8,13.9,"0.154",".349","90.8",10,47.6,60,16.1,50,83.4,23.6,38.2,30.8,55.3,49.6,21.4,24.8,"27.8"
"Martinez, J.D.",502110,2021,634,23.7,8.7,"0.232",".372","92.1",12.5,49.4,76.5,33.7,53.3,79.1,29.2,54.2,33.4,63,34.1,31.5,28.9,"26.1"
"Goldschmidt, Paul",502671,2021,679,20,9.9,"0.220",".396","92.6",13.6,50.6,64.4,25.2,66.5,78.8,24.9,44.2,37.1,57.3,37.3,31.1,24.6,"26.3"
"Altuve, Jose",514888,2021,678,13.4,9.7,"0.211",".333","87.7",6.4,35,66.8,30.4,72.5,90.1,15.9,47.4,49.7,63.5,41,24.6,23.6,"28.0"
"Hernández, César",514917,2021,637,21.2,9.3,"0.154",".311","87.4",6.8,33.2,68.3,26.1,61.9,84.4,22,47.1,35.2,61.2,47.3,25.1,23.7,"28.7"
"Segura, Jean",516416,2021,567,13.8,6.9,"0.146",".321","87.2",5.9,37.4,66.7,30.1,69.1,88.6,17.3,48.7,30.2,62.4,52.4,19,22.7,"27.3"
"Marte, Starling",516782,2021,526,18.8,8.2,"0.148",".348","87.6",8.4,39.6,71,30.2,57.5,83.8,24.6,49.5,34.2,64.2,56.3,16.7,22.9,"28.5"
"Donaldson, Josh",518626,2021,543,21,13.6,"0.228",".386","94.1",17.4,52.7,70.2,22.6,57.9,77.5,27.6,45.2,42.5,57.9,43.9,28.5,20.5,"24.6"
"Freeman, Freddie",518692,2021,695,15.4,12.2,"0.203",".410","91.4",11.5,46.1,77.6,25.7,67.9,82.8,21,51.2,36.2,58.1,43.2,28.9,25.1,"26.9"
"LeMahieu, DJ",518934,2021,679,13.8,10.8,"0.094",".342","90.6",3.7,43.5,62,20.4,71.7,90.2,14.4,41.4,23.4,61.2,52,18.3,26.8,"26.6"
"Rizzo, Anthony",519203,2021,576,15.1,9,"0.192",".348","90.1",7.7,41.1,64.5,29.4,68.4,84.4,20.8,46.5,43.2,57.6,41.3,27.1,23.9,"25.2"
"Stanton, Giancarlo",519317,2021,579,27.1,10.9,"0.243",".361","95.1",15.7,56.3,63.5,28,49.5,76.5,32.6,44.2,34.8,56.6,45.5,23,24.2,"24.7"
"Perez, Salvador",521692,2021,665,25.6,4.2,"0.271",".369","93",16.3,56.2,78.6,44.7,50.2,79.1,33.7,58.9,42.7,64.9,37.4,33,23.6,"26.1"
"García, Avisaíl",541645,2021,515,23.5,7.4,"0.228",".364","90.4",12.2,46.4,81.9,37.2,50.4,74.5,33.7,58.1,39.4,66,48.4,26.1,22,"28.6"
"Villar, Jonathan",542340,2021,505,26.1,9.1,"0.167",".307","88",7.4,34.9,74.6,28,51,77.9,30.1,49.9,38,61.8,49.1,23.5,21.9,"27.3"
"Aguilar, Jesús",542583,2021,510,18.2,9,"0.198",".333","89.6",8.5,41,63.8,27.4,55.3,82.9,25.9,44.8,41.3,54.6,33.3,31.7,26.7,"24.4"
"Crawford, Brandon",543063,2021,549,19.1,10.2,"0.224",".353","88.8",11.5,43.3,77.6,28,47.8,79.8,29.3,51.7,33.2,61.1,40.5,28.7,23,"25.8"
"Cron, C.J.",543068,2021,547,21.4,11,"0.249",".366","88.8",11.5,42,66.3,30.8,57.7,80.8,27.4,47.1,38.9,55,38.7,32.5,21.3,"26.0"
"Grossman, Robbie",543257,2021,671,23.1,14.6,"0.176",".335","87.8",7.6,34.1,63.4,15.7,57.8,84,21.6,38.4,43.9,54.3,30,35.9,26.8,"27.7"
"Harrison, Josh",543281,2021,558,13.4,5.6,"0.121",".334","87.2",4.4,32.6,75.1,35.5,72.9,85.2,18.8,55.4,37,65.1,40.2,27.3,27.3,"26.8"
"Hosmer, Eric",543333,2021,565,17.5,8.5,"0.126",".327","90.5",5.8,47,67,31.8,61.8,85.4,22.9,48.3,26.4,61.4,56.2,14.8,23.2,"26.0"
"Semien, Marcus",543760,2021,724,20.2,9.1,"0.273",".336","89.7",9.8,41.3,69.7,21.3,55.7,85.6,21.5,45.1,47,59.5,31,36.7,23.2,"28.6"
"Grichuk, Randal",545341,2021,545,20.9,5,"0.182",".297","89.8",8.5,41.1,73.7,32.4,55.2,87,23.2,52.3,36.4,61.3,39.7,29.4,20,"28.1"
"Harper, Bryce",547180,2021,599,22.4,16.7,"0.306",".431","92.5",18.1,49.7,75.3,24.8,49.7,75.4,32,47.5,36.4,56.1,41.9,26.4,27.2,"27.8"
"Abreu, José",547989,2021,659,21.7,9.3,"0.220",".347","92",10.2,49.3,66.7,32.1,53.7,82.6,27.7,48.4,35.1,62.3,47.3,25.6,21.7,"26.5"
"Suárez, Eugenio",553993,2021,574,29.8,9.8,"0.230",".323","89.1",15,39.8,64.3,23.3,43.3,81.3,29.5,42.7,46.3,62.2,36.3,35.7,20.4,"26.7"
"Schoop, Jonathan",570731,2021,674,19.7,5.5,"0.157",".311","88.1",6.8,40.2,71,35.2,58.4,84.3,24.7,52.5,35.9,59.1,48.4,20.3,21.7,"27.0"
"Arenado, Nolan",571448,2021,653,14.7,7.7,"0.239",".313","89",6.7,37.5,67.4,29,65.4,89.6,18.5,46.8,45.8,58.9,31.3,32.7,24.8,"25.5"
"Farmer, Kyle",571657,2021,529,18.3,4.2,"0.153",".302","87.2",4.3,31.9,65.4,35.4,65.3,88.5,20,49.9,35.5,62.5,40.8,25.5,25.3,"27.0"
"Haniger, Mitch",571745,2021,691,24.5,7.8,"0.232",".348","89.3",12.6,45.1,65.1,29.2,49.9,79.9,29.8,46.6,44.7,62.3,43.1,29.2,19.6,"27.2"
"Hernández, Enrique",571771,2021,585,18.8,10.4,"0.199",".348","90.8",8.4,43.2,66.8,24.9,53.7,86,23.5,44.6,42.5,58.5,33.6,32.6,24.9,"27.4"
"Muncy, Max",571970,2021,592,20.3,14,"0.278",".406","91.2",16.1,46.6,60.3,15.7,52.1,83.2,23.4,37.6,38.9,54.1,38.6,33.1,22.8,"26.7"
"Seager, Kyle",572122,2021,670,24,8.8,"0.226",".320","89",12.3,40.1,72.3,29.2,50,79.5,29.7,49.6,43.3,58,33.4,37.7,19.7,"25.7"
"Taylor, Michael A.",572191,2021,528,27.3,6.3,"0.112",".300","89.4",6.6,40.2,75.3,30.5,49.3,77.5,31.2,51.9,32.4,63.1,46.2,27.5,22.5,"28.2"
"Yastrzemski, Mike",573262,2021,532,24.6,9.6,"0.233",".316","89.5",10.3,39.3,67.9,23,59.1,81.2,24.2,45.9,46.3,58.6,34.3,35.8,22,"27.4"
"Iglesias, Jose",578428,2021,511,14.7,4.1,"0.120",".299","85.4",3.4,28.6,68.5,42.8,69.5,89.5,18.9,55,32.3,63,42.1,22,29.3,"28.2"
"Bryant, Kris",592178,2021,586,23,10.6,"0.216",".347","88.2",10.3,40,73.7,26.7,46.5,82.4,28,48.7,38.2,61.3,37.9,29.5,26.3,"27.9"
"Canha, Mark",592192,2021,625,20.5,12.3,"0.156",".332","87.3",7.1,35.4,61.4,20.7,61.2,84.7,21.5,40.5,39.7,55.5,42.2,24.4,26,"27.8"
"Castellanos, Nick",592206,2021,585,20.7,7,"0.267",".375","89.8",10.6,46.9,78.9,36.3,51.4,79.8,30.7,55,39.2,61.3,38,29.1,29.3,"27.6"
"Judge, Aaron",592450,2021,633,25,11.8,"0.257",".418","95.8",17.6,58.4,66.1,23.7,50.7,79.8,29.1,42.5,35.8,59.6,42.1,28,27.2,"27.7"
"Machado, Manny",592518,2021,640,15.9,9.8,"0.211",".377","93.1",13.3,52.2,70.2,28.9,58.5,85.9,23,48,38.3,61.5,39.5,25.4,26.4,"26.4"
"Realmuto, J.T.",592663,2021,537,24,8.9,"0.176",".329","89.6",8.6,44.7,69.9,30.7,61.4,78.6,27,49.5,31.5,62.5,46.7,24.4,23.2,"28.8"
"Renfroe, Hunter",592669,2021,572,22.7,7.7,"0.242",".352","90.1",14.4,44.3,66.7,31.8,60.7,81.2,25.9,48.2,41.8,66.6,38.5,27,22.9,"27.2"
"Merrifield, Whit",593160,2021,720,14.3,5.6,"0.118",".304","86.9",3.5,28.8,71.3,29,71.5,86,18.3,50,34,60.5,41.7,25.8,26.7,"28.6"
"Bogaerts, Xander",593428,2021,603,18.7,10.3,"0.198",".358","89.6",9.7,43,62.4,31,66.4,84.5,22,45.7,41.6,58.1,40.2,23.9,28.8,"27.7"
"Polanco, Jorge",593871,2021,644,18.3,7,"0.234",".346","89.4",10.1,37.4,70.5,29.7,62.9,88,19.7,49.5,51.9,59.6,33,32.8,27.1,"27.9"
"Sanó, Miguel",593934,2021,532,34.4,11.1,"0.243",".323","93.4",17.7,55.9,66.1,26.5,36.1,74.1,38.2,44.6,43.8,60.9,39.2,29.9,22.6,"26.5"
"Duvall, Adam",594807,2021,555,31.4,6.3,"0.263",".329","89.8",16.1,43.9,67,34,51.6,81.1,29.3,50,46.8,61.6,30.7,40.1,17.8,"28.5"
"Báez, Javier",595879,2021,547,33.6,5.1,"0.229",".318","90.1",13.4,45.2,75.8,44.6,46.9,70.7,40.6,56.9,40.2,64.1,46.7,24.9,20.6,"28.5"
"Lindor, Francisco",596019,2021,524,18.3,11.1,"0.182",".344","90.7",8.2,44.1,70.8,26.2,60.9,83.4,23.2,47.4,39.5,58.5,41.6,29.9,21.9,"27.8"
"Story, Trevor",596115,2021,595,23.4,8.9,"0.220",".335","90.6",9.9,42.6,73.6,30.4,52.1,82,27.4,50.8,33.9,62.8,36.5,30.9,24.2,"28.6"
"Candelario, Jeimer",600869,2021,626,21.6,10.4,"0.172",".355","88.7",9,39.1,68.6,29.2,59.3,84.8,23.5,47.6,40.8,61,40.8,25.6,28.9,"27.2"
"Bell, Josh",605137,2021,568,17.8,11.4,"0.215",".362","92.5",8.8,52,74.1,23.8,55.3,83.7,24.1,46.7,36.8,58.8,54.3,21.3,22,"26.2"
"Betts, Mookie",605141,2021,550,15.6,12.4,"0.223",".357","90.3",7.8,41,63.9,18.1,61.5,89.8,16.8,40.4,45.2,58.2,34.8,33,23.6,"27.2"
"Tapia, Raimel",606132,2021,533,13.1,7.5,"0.099",".276","85.7",2.1,31.5,69,33.1,72.7,91.1,14.7,51.2,26.5,59.1,68,12.3,16.8,"28.3"
"Hernández, Teoscar",606192,2021,595,24.9,6.1,"0.228",".366","91.8",13.9,49,75.8,30.7,43.7,79.4,31.8,51.8,40.6,63.3,39.4,27.5,27.7,"28.5"
"Turner, Trea",607208,2021,646,17,6.3,"0.208",".363","89.6",7.4,46.2,72.4,26.5,56.8,84.6,23,49.2,36.6,66.7,45.6,23.5,24.5,"30.6"
"Ramírez, José",608070,2021,636,13.7,11.3,"0.272",".376","90",11.1,42.4,64.5,23.9,70.7,91.1,14.9,43,54.7,51.8,36.2,27,24,"28.1"
"Gallo, Joey",608336,2021,616,34.6,18,"0.259",".351","91.5",18.5,45.8,64.4,19,35.9,69.4,38.8,40.4,43,54.5,36.4,35.7,15.7,"27.4"
"Swanson, Dansby",621020,2021,653,25.6,8,"0.201",".329","89.3",11.4,42.7,72.4,24.1,51.8,75.6,30.4,48.1,40.3,61.6,40.1,28.9,24.5,"28.3"
"Newman, Kevin",621028,2021,554,7.4,4.9,"0.083",".278","85.3",1.6,26,63.3,26.5,74.9,93.3,12.1,44.9,31.8,60.9,45.8,21.4,25.2,"28.4"
"Taylor, Chris",621035,2021,582,28.7,10.8,"0.184",".329","88.2",10.2,38.1,69.3,20.8,43.6,74.1,32.8,45.6,42.2,62.3,36.9,32.3,24.7,"28.8"
"Correa, Carlos",621043,2021,640,18.1,11.7,"0.206",".370","90.2",9.4,42.7,62,24.1,59.8,87.4,20.9,42.1,33.5,57.7,42.5,23.4,26.1,"27.0"
"Olson, Matt",621566,2021,673,16.8,13.1,"0.269",".378","91.6",12.7,48.8,72.2,23.7,63.2,81.8,23.1,47,39.5,54.4,40.4,30.2,19.7,"25.9"
"Alonso, Pete",624413,2021,637,19.9,9.4,"0.257",".376","91",14.8,47.3,70.9,30.8,58.8,83.4,24.9,49.3,38.4,59.1,39,30.8,22.8,"26.0"
"Frazier, Adam",624428,2021,639,10.8,7.5,"0.106",".325","85.4",1,25.2,67.9,26.1,74.5,92.3,12.4,47.6,35.5,62.7,42.4,20.3,31.3,"27.1"
"Soler, Jorge",624585,2021,602,23.6,11.1,"0.209",".359","91.2",12.7,47,70,23,42.6,81.4,29.2,44.8,50.7,58.6,41.4,29.6,20.1,"26.9"
"Cronenworth, Jake",630105,2021,643,14,8.6,"0.194",".344","88.6",7.2,35,62.5,23.5,69,92.7,13.7,43.2,32.9,60.6,43.1,23.6,26.1,"28.5"
"Meadows, Austin",640457,2021,591,20.6,10,"0.224",".325","89.3",8.7,37.9,70.9,25.1,55.4,83.7,24.4,46.7,40.3,59,28.7,36.9,23.8,"27.5"
"Anderson, Tim",641313,2021,551,21.6,4,"0.160",".322","89.6",7.8,42.3,79.1,36.9,56.8,82.2,25.9,57.8,31.1,64.9,56,19.3,23,"28.2"
"Crawford, J.P.",641487,2021,687,16.6,8.4,"0.103",".300","86.3",2.4,30.6,64,21.7,66.5,89.9,15.5,44.2,30.4,59.9,46.7,17.8,28.6,"27.5"
"Dozier, Hunter",641531,2021,543,28.4,7.9,"0.178",".298","89.9",8.8,42.2,70.5,29.7,38.4,81.6,32.4,48.8,37.5,62.1,38.3,27.7,24.8,"28.2"
"Mancini, Trey",641820,2021,616,23.2,8.3,"0.177",".340","88.9",10.4,42,65.8,30.7,56,78.2,29.6,47,33.6,56.8,49,22.7,23.2,"26.5"
"McMahon, Ryan",641857,2021,596,24.7,9.9,"0.195",".326","90.5",7.3,43.5,73.2,24.4,49.1,78,29.2,48.8,28.2,65.3,39.4,28,27.7,"26.2"
"O'Neill, Tyler",641933,2021,537,31.3,7.1,"0.274",".387","93",17.9,52.2,73.8,27.5,43.9,74,34.7,49.8,36.2,60.9,36.2,31.4,24.8,"29.6"
"Rosario, Amed",642708,2021,588,20.4,5.3,"0.127",".303","88.8",2.8,43.5,64,34.6,58.8,84.2,24.8,48.9,27.9,62.2,51.4,18.9,25.1,"29.5"
"Adames, Willy",642715,2021,555,28.1,10.3,"0.219",".324","89.5",11.4,44.7,72.2,27.5,47.5,75.7,32.6,48.9,42.1,61.2,37.1,36,21.6,"28.0"
"Benintendi, Andrew",643217,2021,538,18,6.7,"0.166",".331","89.6",8.9,43.2,73.9,30.1,68,81.1,22.5,52.5,36,60,39.5,34.5,21.8,"27.6"
"Kiner-Falefa, Isiah",643396,2021,677,13.3,4.1,"0.086",".292","85.5",1.8,28.8,62.6,30.7,70.1,93.1,14.5,46.5,31.6,60.6,54.4,15.5,25.9,"28.0"
"Albies, Ozzie",645277,2021,686,18.7,6.9,"0.229",".327","89.6",9.3,37.2,82.4,34.1,64.8,79.9,24.9,56.8,42.5,61.2,31.5,38,22.8,"28.4"
"Devers, Rafael",646240,2021,664,21.5,9.3,"0.259",".391","92.9",15,51.8,77.7,32.4,61.8,77.2,27.7,53.6,33,63.1,42.3,26.3,23.9,"27.1"
"Urías, Luis",649966,2021,570,20.4,11.1,"0.196",".330","87.9",9.3,40.5,67.9,25.2,64.6,81.9,22.8,46.3,42.1,60.3,41.8,26.2,21.2,"26.5"
"Torres, Gleyber",650402,2021,516,20.2,9.7,"0.107",".330","87.1",7.8,35.7,70.8,22.7,56.8,79.2,26.3,46.7,34.3,57.5,41.8,26.3,25.8,"27.0"
"Díaz, Yandy",650490,2021,541,15.7,12.8,"0.131",".333","89.9",7,40.6,67,18.9,61.9,86.2,19.3,42.6,31.3,56.6,52.1,22.7,19.5,"26.6"
"Chapman, Matt",656305,2021,622,32.5,12.9,"0.193",".318","89.7",13.7,41.7,66.5,22.9,52.4,72.4,32.7,44.6,37.8,59.8,33.6,37.8,18.8,"28.1"
"Mullins, Cedric",656775,2021,675,18.5,8.7,"0.227",".342","89.4",8.1,39.4,64.8,27.7,66,84.8,20.8,46.3,41.7,59.2,40.7,27.8,23.9,"28.5"
"Smith, Pavin",656976,2021,545,19.4,7.7,"0.137",".315","87.2",5.1,42.7,59.5,23.8,61.7,90.7,17.3,42.1,34.4,61.3,47.8,22.4,23.4,"26.5"
"Verdugo, Alex",657077,2021,604,15.9,8.4,"0.137",".342","90",7.3,43.3,62.3,26.4,66.4,88.7,17.7,44.7,33.1,57.1,50.3,21,24.3,"27.0"
"Moncada, Yoán",660162,2021,616,25.5,13.6,"0.149",".352","90.1",8.2,41.2,63.6,23.6,49.7,81,28.1,42.6,35.6,55.6,44.1,20.3,31,"27.8"
"Ohtani, Shohei",660271,2021,639,29.6,15,"0.335",".410","93.6",22.3,53.6,69.7,27.3,48.5,73.1,35.1,45.8,46.6,57.9,39.7,34.6,20.9,"28.8"
"Riley, Austin",663586,2021,662,25.4,7.9,"0.228",".365","90.1",13.3,45.6,72.2,31.1,57.3,78.9,28.3,50.2,39.5,63.5,38.8,24.9,28.6,"27.8"
"Mountcastle, Ryan",663624,2021,586,27.5,7,"0.232",".325","89.1",11.8,39.7,76,38.2,54,77.2,31.6,55.1,38.7,66.2,35.5,33.9,24.7,"28.0"
"Tucker, Kyle",663656,2021,567,15.9,9.3,"0.263",".394","91.4",11.6,47.5,81,26.3,62.8,85.6,20.3,52.5,34.9,58.6,34,33.5,27.1,"27.4"
"India, Jonathan",663697,2021,631,22.3,11.3,"0.190",".352","87.6",9.6,38.6,56.9,21.9,55.4,82.7,25.1,39,48.5,55.2,44.9,26.3,22.7,"28.5"
"Grisham, Trent",663757,2021,527,22.6,10.2,"0.171",".305","88.8",5.2,36.8,63.6,16.9,58.6,83.4,21.7,40.5,38.5,55.6,42,23.3,26.4,"28.8"
"Lowe, Nathaniel",663993,2021,642,25.2,12.5,"0.151",".323","90.8",9.5,45.5,66.4,22.9,60.9,81.8,23.5,44.7,24.9,59,54.5,23.4,20.9,"27.3"
"Happ, Ian",664023,2021,535,29.2,11.6,"0.208",".319","89.5",10.9,41.3,65.7,23.1,46.6,75.5,32.3,43.9,37.8,58.3,47.1,28.2,20.2,"27.7"
"France, Ty",664034,2021,650,16.3,7.1,"0.154",".346","88.5",6.8,38.9,72,30,61.6,89.5,19.1,50.3,35.7,58,46.7,21.2,26.5,"25.3"
"Lowe, Brandon",664040,2021,615,27.2,11.1,"0.276",".355","89.3",14,43.1,78.3,29.9,50.1,74.6,32.8,52.5,39.4,62.4,34.8,32.9,24.8,"27.6"
"Fletcher, David",664058,2021,665,9,4.7,"0.062",".283","82.3",0,15.7,61.2,29.1,80.7,94.4,9.5,46.5,29,65.6,49.4,16.2,27.1,"27.6"
"Straw, Myles",664702,2021,638,19,10.5,"0.077",".305","87.1",1.3,26.2,59.6,18.8,72.8,90.1,13.6,40.4,25.7,58.3,41.1,24.6,31.5,"29.3"
"Walsh, Jared",665120,2021,585,26,8.2,"0.232",".326","89.6",11.3,41.3,68.5,31.5,61.1,80.3,26.1,49.3,37.3,58,49.6,19.7,24.9,"27.0"
"Tatis Jr., Fernando",665487,2021,546,28,11.4,"0.329",".407","93.9",21.3,55.6,80.1,29,42.1,75.9,34.8,51.5,42.2,60.1,41,29.8,21.6,"29.2"
"Guerrero Jr., Vladimir",665489,2021,698,15.8,12.3,"0.290",".422","95.1",15.1,55.2,73.8,24.5,47.4,81.8,27.8,47.3,37.9,63.1,45.6,25.2,24.4,"27.0"
"Soto, Juan",665742,2021,654,14.2,22.2,"0.221",".429","93",13.3,52.7,60,12.2,56.4,85.3,20,35,29,54.7,52.9,20.8,22.5,"27.0"
"Chisholm Jr., Jazz",665862,2021,507,28.6,6.7,"0.177",".307","90.2",9,42,64.8,31,56.1,77.4,29.9,47.2,37,60,49.4,24.4,21.9,"29.1"
"Bichette, Bo",666182,2021,690,19.9,5.8,"0.186",".349","91.4",9.9,47.5,79.6,38.1,62.7,85.6,22.3,57.8,29,64.6,49.3,22.3,23.9,"28.0"
"Carlson, Dylan",666185,2021,619,24.6,9.2,"0.171",".320","88.2",7,31.1,67.2,23.9,52.9,79.2,27.9,45,39.3,59,40.1,31.1,24.3,"27.9"
"García, Adolis",666969,2021,622,31.2,5.1,"0.211",".296","91",11.5,45.5,74.7,35.7,50.8,73.8,34.2,54.1,40.2,61.4,43,30.7,19.7,"28.4"
"Gurriel Jr., Lourdes",666971,2021,541,18.9,5.9,"0.190",".339","89.7",9.6,43,68.3,34.3,61,83.6,24.2,50.9,34.3,67.2,45.4,25.2,24.4,"26.7"
"Arozarena, Randy",668227,2021,604,28.1,9.3,"0.185",".298","89.9",8.2,42.3,66.4,24.8,50.8,74.6,32.6,44.2,35.4,58.1,49.2,20.6,22.8,"28.7"
"Reynolds, Bryan",668804,2021,646,18.4,11.6,"0.220",".385","89.4",10.4,40.8,75.4,24.8,52.3,84.7,23.9,48.9,39.9,57.6,39.9,28.6,26.8,"28.6"
"Rojas, Josh",668942,2021,550,24.9,10.5,"0.147",".295","88.2",4.8,31.1,62.9,21.2,59.3,82,23.6,42.2,35.9,60.1,49.6,20.8,27.6,"27.6"
"Edman, Tommy",669242,2021,691,13.7,5.5,"0.125",".318","87.5",4.2,35.1,65.6,28.2,70.4,91,14.9,47.4,41.1,56.8,46.9,23.7,24.5,"28.9"
"Solak, Nick",669256,2021,511,20.9,6.7,"0.120",".300","86.9",6.5,33.5,64.2,30,62.2,82.1,24.8,46,30.1,61.3,54.6,19.7,20,"29.0"
"Hays, Austin",669720,2021,529,20.2,5.3,"0.205",".316","88.8",9.1,39.2,64.4,29.5,50.5,87.6,24.6,46.4,38.4,60.5,43.4,26.8,22.6,"27.3"
"Lopez, Nicky",670032,2021,565,13.1,8.7,"0.078",".286","86.8",0.7,26.9,65,24.5,68,90.3,15.7,45.1,24.9,61.9,58,16.9,22.1,"28.2"
"Alvarez, Yordan",670541,2021,598,24.2,8.4,"0.254",".385","93.2",15.9,54.2,61.9,26.3,56.3,87.4,22.7,43.1,34.2,55.8,38,30.1,27.6,"26.4"
"Cruz, Nelson",443558,2022,507,23.5,9.7,"0.103",".322","90.9",9.3,46.1,72.4,31.1,49.2,76.8,32,50.8,32.8,61.5,53,19.3,22.9,"25.5"
"Blackmon, Charlie",453568,2022,577,18.9,5.5,"0.155",".304","86.2",4.4,30.6,70.1,32,67.4,83.4,21.4,51.5,43,59.7,44.4,23.8,25.7,"27.8"
"McCutchen, Andrew",457705,2022,580,21.4,9.8,"0.147",".325","89.1",8.6,40,68.5,20.8,51,83.2,24.2,44.9,43.3,57.4,41.8,28.1,24.1,"28.9"
"Turner, Justin",457759,2022,532,16.7,9.4,"0.160",".345","89.5",8,40.6,70.4,26.7,68.7,84,20.3,48.2,34.6,57.8,32.8,33.3,27.9,"25.0"
"Andrus, Elvis",462101,2022,577,15.9,6.8,"0.155",".296","87.9",4.5,34.8,62.3,29.5,64,85.7,21.4,45.6,37.5,61.2,46.5,22.1,22.8,"26.1"
"Santana, Carlos",467793,2022,506,17.4,14,"0.174",".356","90.7",9.3,44.9,63.9,21.7,65.9,83.1,21.3,42.6,47,57.6,39.1,28.4,22.6,"25.7"
"Gurriel, Yuli",493329,2022,584,12.5,5.1,"0.118",".275","88.2",1.9,35.6,63.1,34.9,75.3,91.8,14.3,48.5,29.5,64,41.7,24.6,23.8,"26.9"
"Rojas, Miguel",500743,2022,507,12,5.1,"0.087",".292","86.1",1.9,27.1,66.2,30.4,65.7,93.2,15.8,47.9,32.4,62.7,47.1,19.6,26.8,"26.4"
"Escobar, Eduardo",500871,2022,542,23.8,7.4,"0.190",".321","88.3",9.4,37.6,73.5,34,59.1,79.3,27.7,52.4,40.6,63.9,30.9,32.8,26.9,"27.9"
"Pham, Tommy",502054,2022,622,26.8,9,"0.138",".314","92.2",7.9,48.5,60.8,21.7,47.1,82.9,26,42,34.2,62.5,48.2,22.4,24.7,"27.9"
"Martinez, J.D.",502110,2022,596,24.3,8.7,"0.174",".352","89.1",12.5,41.7,74.8,32,51.5,79,30.1,51.9,31.6,63,38.2,30.8,26.7,"26.1"
"Goldschmidt, Paul",502671,2022,651,21.7,12.1,"0.261",".372","90.8",11.6,47.4,59.8,25.1,61.5,78.4,26.8,41.7,36.3,60,40.8,28.8,22.9,"26.3"
"Altuve, Jose",514888,2022,604,14.4,10.9,"0.233",".356","85.9",7.7,29.7,64.1,28.6,74,89.1,16.3,44.3,46.9,62.1,41,25.6,23.6,"28.1"
"Hernández, César",514917,2022,617,18.5,7.3,"0.070",".295","84.8",2.4,29.7,68.7,25.9,59.4,86.3,21,47.5,32.8,64.7,48.6,19.3,26.4,"28.3"
"Marte, Starling",516782,2022,505,19.2,5.1,"0.176",".337","86.8",6.8,33.9,67.5,32.9,60.2,83.5,24.3,49.8,38.8,62.8,50.1,20.1,26,"28.0"
"Donaldson, Josh",518626,2022,546,27.1,9.9,"0.152",".302","90.7",9.8,43.3,66.6,29.3,54.2,72.5,33.3,47.3,42.3,63.9,43.5,25.9,24.1,"25.7"
"Freeman, Freddie",518692,2022,708,14.4,11.9,"0.186",".406","91.3",9.9,47.8,73.9,27.3,67.9,85.8,19.5,49.3,34.6,59.8,38.9,28.4,29.8,"26.9"
"LeMahieu, DJ",518934,2022,541,13.1,12.4,"0.116",".347","89.2",5.3,41.1,53.9,24.5,73.1,89.3,15.7,39.5,24.8,63.6,54.6,17,25.6,"26.4"
"Rizzo, Anthony",519203,2022,548,18.4,10.6,"0.256",".352","89.4",10.9,40.8,64.2,29.6,61.7,85,22.8,46.1,45.9,57.2,33.3,35,21.6,"25.5"
"Flores, Wilmer",527038,2022,602,17.1,9.8,"0.165",".312","87.8",6.3,35.4,66.5,26.6,66.3,87.6,18.9,45.6,46.6,64.2,34.7,31.5,24.2,"25.3"
"Ozuna, Marcell",542303,2022,507,24.1,6.1,"0.187",".337","89.4",13.1,43.8,68.2,33.3,55.2,80.5,28.7,49.4,41.2,61.5,38.4,30.7,20.7,"26.6"
"Aguilar, Jesús",542583,2022,507,23.5,5.5,"0.144",".302","87.7",6.9,36,64.7,36.3,58.1,82.2,27,49.5,36.3,60.9,32.9,30.9,26.9,"24.0"
"Cron, C.J.",543068,2022,632,25.9,6.8,"0.211",".319","88.7",10.8,42.3,62.9,33.2,60.5,84,24.3,47.7,33.7,61.8,39.2,27.9,26,"25.2"
"Semien, Marcus",543760,2022,724,16.6,7.3,"0.181",".311","87.3",6.8,34.9,71.1,24.8,57.2,87.6,20.6,47.2,43.5,60.8,33.6,34,21.8,"28.8"
"Springer, George",543807,2022,583,17.2,9.3,"0.205",".345","88.7",8.4,42.3,77.4,25.6,50.9,79,28.2,50.9,45.7,62,44.3,24.4,21.8,"28.3"
"Grichuk, Randal",545341,2022,538,23.6,4.5,"0.166",".288","90",6.8,43.6,69.4,32.7,54.2,85.8,24.7,50.6,33.9,59.3,50.4,26,18.1,"28.0"
"Abreu, José",547989,2022,679,16.2,9.1,"0.142",".374","92.2",9.5,51.8,66.1,29.8,59.1,85.3,23.2,47.3,34.5,57.7,47.7,24,25.1,"26.1"
"Suárez, Eugenio",553993,2022,629,31.2,11.6,"0.223",".344","89.8",14.8,43.5,63.5,21.6,41.8,76.1,33.1,41.8,44.3,60.9,34.1,39.2,20.7,"25.9"
"Urshela, Gio",570482,2022,551,17.4,7.4,"0.144",".327","88.9",7,37.6,71.1,36.2,67.3,84.7,21.4,53.1,33.3,64.9,41.7,23.8,30.1,"25.8"
"Schoop, Jonathan",570731,2022,510,21,3.7,"0.120",".275","87",4.8,38.6,75.2,36.8,53.4,81.3,28.2,55.5,37,64.4,45.2,20.6,24.3,"27.0"
"Arenado, Nolan",571448,2022,620,11.6,8.4,"0.240",".343","88.8",8.2,38.9,66.9,32.6,68.1,88.3,19.1,48.4,45.2,61.3,30.5,29,26.2,"25.5"
"Farmer, Kyle",571657,2022,583,17,5.7,"0.131",".316","85.5",4.4,33.8,64.7,36.3,65.2,89.7,19.4,50.3,39.1,63.1,45.3,23.4,25.5,"26.7"
"Muncy, Max",571970,2022,565,25,15.9,"0.188",".346","90.3",13.4,45.6,60.4,16.5,56,78.8,26.1,38.6,48,60.4,32.5,39.5,20.1,"27.2"
"Pollock, AJ",572041,2022,527,18.6,6.1,"0.144",".324","88.8",9.4,42,74.1,34,55.6,84.8,24.7,53.6,40.8,63.2,45.3,22,23,"27.8"
"Voit, Luke",572228,2022,568,31.5,9.7,"0.176",".328","89.8",14.7,44.3,78.1,30.6,41.4,72.5,37.6,52,46.2,65.3,34.9,34.9,24.8,"24.7"
"Walker, Christian",572233,2022,667,19.6,10.3,"0.235",".362","90",11.5,44,67.9,23.1,50.8,84.4,24.6,44.7,38.8,61.4,39.2,30.9,21.4,"26.6"
"Yastrzemski, Mike",573262,2022,558,25.3,10.9,"0.178",".314","89.9",11.1,42.5,63.4,22.2,57.1,84.2,22.7,42.9,42.7,60.2,34.8,31.9,23.6,"27.0"
"Canha, Mark",592192,2022,542,17.9,8.9,"0.137",".328","87.7",4.9,36.6,61,24.4,68.2,81.6,22.2,42.9,39.3,63.6,46.1,24.7,23.3,"27.5"
"Castellanos, Nick",592206,2022,558,23.3,5.2,"0.126",".306","87.5",6.6,35.1,76.8,39.6,47.5,79.8,32.2,57,35.6,68.8,42.9,28.5,22,"27.7"
"Drury, Brandon",592273,2022,568,22.2,6.7,"0.229",".321","89.1",10.4,42.2,62.5,30.1,64.2,85.8,21.5,45.9,44.7,60.7,40.9,28.3,24,"27.0"
"Judge, Aaron",592450,2022,696,25.1,15.9,"0.375",".468","95.9",26.5,61.9,66.1,22.9,46.5,79.7,29.8,42.7,47.3,58.8,37,38.3,22.3,"27.3"
"Machado, Manny",592518,2022,644,20.7,9.8,"0.233",".345","91.5",9.8,49,74.4,30.7,60.2,82.3,24.9,50.8,40.7,63.4,37.6,23.7,29.1,"26.4"
"Realmuto, J.T.",592663,2022,562,21.2,7.3,"0.202",".354","90.3",11.3,47.2,67.7,31,61.6,80.4,25.7,49,38.2,57.8,44.6,25.6,24.1,"28.7"
"Renfroe, Hunter",592669,2022,522,23.2,7.5,"0.237",".324","90.5",10.9,43.6,66.2,31.8,58.3,81.2,27,47.8,40.5,59.1,37.4,30.2,21.5,"27.1"
"Yelich, Christian",592885,2022,671,24.1,13.1,"0.131",".340","91.5",8.2,48.6,65.4,23.2,48.5,85.2,25.1,43.2,33.4,56.1,59.1,18,19.7,"28.1"
"Merrifield, Whit",593160,2022,550,15.5,6.9,"0.125",".297","87.1",4.2,31.1,71.4,29.8,66.9,86.2,19.4,50.9,35.1,59.5,41.2,28.8,22.2,"28.6"
"Bogaerts, Xander",593428,2022,631,18.7,9,"0.149",".325","88.1",6.5,39.5,63.5,29.2,62.4,81.5,24.8,45.7,37.2,60.8,46.6,21.1,25.8,"27.9"
"Profar, Jurickson",595777,2022,658,15.7,11.1,"0.148",".318","87.5",4,34.3,64.2,23.7,68.5,86,18.8,43.6,42.1,59.4,44.8,22.8,25.7,"26.6"
"Báez, Javier",595879,2022,590,24.9,4.4,"0.155",".285","87.9",8,38,67.9,47.5,51,77.7,35.8,55.8,39.9,66.2,50.6,22.9,20.4,"27.9"
"Lindor, Francisco",596019,2022,706,18.8,8.4,"0.179",".333","89.3",8.3,41.3,68.1,29.9,60,85.6,22.9,47.8,38.3,58.3,43.5,27.6,20.4,"27.6"
"Bell, Josh",605137,2022,647,15.8,12.5,"0.156",".347","88.9",7.2,40.8,68.8,24.9,65.4,83.6,21.7,45.3,37.1,53.1,50.7,19.7,24.1,"26.2"
"Betts, Mookie",605141,2022,639,16.3,8.6,"0.264",".348","90.5",9.7,44.9,66.9,22.2,59.5,91.7,16.5,44.2,44.3,61.7,33.7,35.6,23.1,"27.4"
"Hernández, Teoscar",606192,2022,535,28.4,6.4,"0.224",".357","92.6",15,53.3,69,30.3,44.1,74.9,35.1,48.8,38.6,59.6,44.4,25.6,24.8,"28.6"
"Marte, Ketel",606466,2022,558,18.1,9.9,"0.167",".317","90.1",6.1,41.9,65.7,28.1,69.9,83.7,20.7,46.1,42.7,59.7,43.2,25.3,24.5,"27.0"
"Nimmo, Brandon",607043,2022,673,17.2,10.5,"0.159",".337","89.4",7,39.8,64.8,21.2,61.4,86.3,19.6,43.8,29.6,61.1,51.7,20.6,21.7,"28.6"
"Turner, Trea",607208,2022,708,18.5,6.4,"0.168",".338","88.9",7.6,41.6,72.4,33.1,53.7,84.5,26.3,51.2,41.4,63.6,43.5,26.2,24.7,"30.3"
"Ramírez, José",608070,2022,685,12,10.1,"0.234",".325","87.7",6.6,36.9,66.4,28.7,73.3,90.3,15.3,46.3,44.7,53.1,32.6,28.6,24.6,"28.5"
"Bregman, Alex",608324,2022,656,11.7,13.3,"0.195",".357","88.9",7.3,37.8,65.7,17.9,67.6,90.6,14.9,40.3,45.1,55.7,33.5,32.6,24.5,"26.6"
"Seager, Corey",608369,2022,663,15.5,8.7,"0.210",".373","91.1",10.5,45.5,80.7,30.5,45.2,85.1,26.5,54.5,39.6,65.1,40.2,30.3,25.9,"26.2"
"Winker, Jesse",608385,2022,547,18.8,15.4,"0.125",".346","87.7",7.6,34.3,68.1,18.8,59.7,85.8,19.9,43.3,36.5,54.3,38.8,28.9,22.5,"25.6"
"Swanson, Dansby",621020,2022,696,26.1,7,"0.170",".342","90.2",10.8,46.3,72.4,26.4,50.3,76.2,30.7,49.4,38.7,67.5,38.3,29.4,26.8,"28.4"
"Correa, Carlos",621043,2022,590,20.5,10.3,"0.176",".361","89.9",11.4,44.7,63.3,26.9,63.4,84.7,22,44.4,38.5,58.2,42,25.9,25.7,"27.1"
"Ward, Taylor",621493,2022,564,21.3,10.6,"0.192",".363","90",12.4,42.9,62.3,20.6,58.9,83.9,22.3,41.4,38.4,58.7,35.5,31.3,27.1,"28.4"
"Wisdom, Patrick",621550,2022,534,34.3,9.9,"0.219",".298","90.7",14.2,46.3,70.5,26.5,37.8,73.6,36.5,48.1,48.1,64.8,34.9,31.8,20.4,"27.8"
"Olson, Matt",621566,2022,699,24.3,10.7,"0.237",".347","92.9",13.6,50.9,73.9,28.5,58.6,76.7,28.9,49.5,38.7,62.6,39.6,28.4,22,"26.3"
"Mateo, Jorge",622761,2022,533,27.6,5.1,"0.158",".276","86.8",6,32.7,72.6,36.6,49.2,79.7,31.1,53.9,34.9,67.9,38.6,25.9,26.7,"30.1"
"Santander, Anthony",623993,2022,647,18.9,8.5,"0.215",".356","90.1",11.6,43.3,65.5,32.6,65.5,86.1,21.5,47.7,43.1,59.8,32.2,28.7,23.4,"26.6"
"Alonso, Pete",624413,2022,685,18.7,9.8,"0.247",".357","89.8",12.3,44.8,70.9,33.5,61.9,84.3,24.2,49.9,41.4,56.4,36.4,30.5,23,"25.7"
"Frazier, Adam",624428,2022,602,12.1,7.6,"0.073",".300","85.1",1.5,24.5,68.4,28.8,72.8,90.9,14.4,48.7,35.1,61.7,41.8,23.8,27.8,"26.8"
"Cronenworth, Jake",630105,2022,684,19.2,10.2,"0.151",".304","87.6",5.6,34.1,60,21.6,61.3,88.7,18,41.8,34.3,62.4,36.2,34.1,21.1,"28.2"
"Bellinger, Cody",641355,2022,550,27.3,6.9,"0.179",".284","89.4",8.3,38.1,68.2,31.7,62.7,77.5,27.2,49.9,45.8,60.2,35.6,32.8,22.2,"28.1"
"Crawford, J.P.",641487,2022,603,13.3,11.3,"0.093",".318","85.1",2,29.7,61.9,20.5,70.4,90.8,14.3,41.3,33.7,55.2,46.5,18.2,27.2,"26.9"
"Mancini, Trey",641820,2022,587,23,9,"0.152",".335","89.5",9.8,40.4,67.3,30.1,54.5,81.3,27.4,48.1,40.9,63,40.6,27.8,25.4,"25.6"
"McMahon, Ryan",641857,2022,597,26.5,10.1,"0.168",".333","91.7",10.4,46.5,63.4,25.4,52.1,79.1,28.2,45.2,35.3,64.8,44.7,27.5,26.2,"25.8"
"Tellez, Rowdy",642133,2022,599,20.2,10.4,"0.242",".351","91.1",12.9,46,61.1,27,60.5,83.6,23.8,43.5,37.7,57.2,39.7,29.9,20.4,"24.0"
"Rosario, Amed",642708,2022,670,16.6,3.7,"0.120",".311","88.4",4.5,38.3,67,40,70.2,84.6,21,53.1,30.4,64.9,52.5,16.8,25.7,"29.4"
"Adames, Willy",642715,2022,617,26.9,7.9,"0.220",".329","88.9",13,43.6,71.2,29.8,54,79.9,28.2,49.6,37.7,59.8,34.2,33.4,22.7,"27.8"
"Estrada, Thairo",642731,2022,541,16.5,6.1,"0.140",".302","86.2",4.4,31.1,67.2,32.3,63.6,88,20.3,49.2,40,63.4,51.4,20.5,21,"28.2"
"Benintendi, Andrew",643217,2022,521,14.8,10,"0.095",".340","89.2",5.1,38.7,73.2,22.7,70.5,82,20.7,48.2,29,58,43.8,26.7,25.9,"27.6"
"Kemp, Tony",643393,2022,558,12.4,8.1,"0.099",".273","84.4",1.6,14.9,68.3,29.4,77.3,90.6,13.4,48.9,39,60.2,43.3,24.3,22.9,"26.3"
"Kiner-Falefa, Isiah",643396,2022,531,13.6,6.6,"0.066",".292","86.2",1.2,30.1,57.9,30.8,78.4,93.9,11.3,44.7,31.5,62.5,55.8,14.8,23.6,"28.4"
"McNeil, Jeff",643446,2022,589,10.4,6.8,"0.128",".326","86.9",2.7,30.2,77.6,29.1,74,87.7,15.9,53.8,33.3,59.5,41.3,22.9,30,"27.4"
"Devers, Rafael",646240,2022,614,18.6,8.1,"0.226",".365","93.1",11.5,50.9,76.3,36.2,61,77.8,28.2,54.6,28.2,62,42.3,23.9,26.4,"25.6"
"Arraez, Luis",650333,2022,603,7.1,8.3,"0.104",".341","88.9",3.6,30.2,63.1,24.1,89.4,94.4,7.1,42.9,28.4,51.3,41.2,25.4,29.8,"26.9"
"Torres, Gleyber",650402,2022,572,22.6,6.8,"0.194",".325","90.4",10.7,45.3,72,27.7,59.9,77.9,27.2,49.6,35.9,64.4,35.9,32.7,24.2,"26.9"
"Díaz, Yandy",650490,2022,558,10.8,14,"0.127",".365","92.2",4.8,49,63.6,19.6,71,90.4,14.3,41.3,29,52.2,50,19.6,24.4,"27.1"
"Rengifo, Luis",650859,2022,511,15.5,3.3,"0.165",".299","86.9",5.4,33.6,77.3,34.9,62.5,85.9,21.5,55.7,38.7,62.6,48.2,23.6,21.2,"27.9"
"Chapman, Matt",656305,2022,621,27.4,11,"0.204",".345","92.2",12.9,51.2,64.2,19.2,55.3,76,28.7,41.7,44.8,57.1,34.6,30,22.3,"28.4"
"Hoskins, Rhys",656555,2022,672,25.1,10.7,"0.216",".342","90.1",11.1,44.3,60.7,23.2,52.2,82.8,25.7,41.9,45,57.3,36.3,33,22.9,"25.9"
"Mullins, Cedric",656775,2022,672,18.8,7,"0.145",".292","88.8",4.9,37.3,71.2,29.9,63.6,83.3,22.2,51.3,41.8,59.9,41,26.4,21.1,"28.5"
"Schwarber, Kyle",656941,2022,669,29.9,12.9,"0.286",".381","93.3",20.1,54.4,60.6,21.7,53,77.3,29.4,40.6,42.5,59.7,34.3,33.8,20.6,"26.4"
"Thomas, Lane",657041,2022,548,24.1,7.5,"0.163",".291","86.4",6.5,34.5,61.4,26.1,63,85.4,21.1,44.1,41.8,59.5,45.3,21.3,21,"29.4"
"Verdugo, Alex",657077,2022,644,13.4,6.5,"0.125",".332","89.1",6,38.2,64,24.9,68,90.4,15.5,45.3,30.4,59.8,46.2,23,26.5,"26.8"
"Ohtani, Shohei",660271,2022,666,24.2,10.8,"0.246",".387","92.9",16.8,49.8,72.1,28.3,60.2,76.9,28.1,49.3,36,60.4,43,30.1,23.6,"28.2"
"Acuña Jr., Ronald",660670,2022,533,23.6,9.9,"0.147",".368","91.2",12.8,49.7,73.5,24.3,59.9,80.6,24.9,47.9,40.4,60.8,47.7,24.7,21.2,"28.5"
"Varsho, Daulton",662139,2022,592,24.5,7.8,"0.208",".301","87.7",10.2,35.6,69.1,30.5,63.2,79.4,25.3,50.6,50.9,62.8,42.7,29.8,19.6,"28.0"
"Hoerner, Nico",663538,2022,517,11,5.4,"0.129",".309","87.2",2.6,33.5,65.1,33.8,73,92.8,14.2,49.2,33.6,64.7,46.5,24.2,23.5,"29.1"
"Riley, Austin",663586,2022,693,24.2,8.2,"0.255",".385","92.5",15.7,50.8,75.2,30.2,52.3,81.3,27.6,51.5,39.2,63.2,39,28.8,26.2,"27.8"
"Mountcastle, Ryan",663624,2022,609,25.3,7.1,"0.173",".363","91.3",15,46.3,79.1,37.8,57.2,78,29.8,56.2,32.1,63.3,37.3,32.1,25.7,"27.5"
"Hayes, Ke'Bryan",663647,2022,560,21.8,8.6,"0.101",".304","91",3.9,46.8,61.2,27.1,58.7,89.3,20.7,43.3,26,58.6,49.6,17.7,27,"27.9"
"Tucker, Kyle",663656,2022,609,15.6,9.7,"0.221",".362","90",10.2,42.4,80.1,26.2,60.5,86.5,20,52.7,41.9,61.1,34.4,37.7,22,"26.7"
"Grisham, Trent",663757,2022,524,28.6,10.9,"0.157",".298","88.3",8.1,35.5,56.1,20.7,55.3,80.4,26.2,38.7,43.5,58.9,46.1,30,14.8,"28.8"
"Rodgers, Brendan",663898,2022,581,17.4,7.9,"0.142",".326","90",7.2,45.9,72.1,27.3,58.4,84.6,22.7,49.4,27.4,61.1,52,19.7,25.5,"26.7"
"Lowe, Nathaniel",663993,2022,645,22.8,7.4,"0.190",".346","90.2",9.9,44.8,74.1,29.1,56.3,82.1,24.9,52.2,30.7,62.7,48.2,21.5,26,"27.1"
"Happ, Ian",664023,2022,641,23.2,9,"0.169",".312","89.7",6.5,40.4,71.8,26.5,55.4,79.4,27.2,49,40,57.7,47.4,24.8,22,"27.9"
"France, Ty",664034,2022,613,15.3,5.7,"0.162",".323","87.6",5.4,36.8,75.8,31.9,60.7,90.2,19.3,52.5,35.5,57.5,47.8,21.2,25.5,"24.8"
"Straw, Myles",664702,2022,596,14.6,9.1,"0.052",".281","87",0.7,26.5,57.9,19.6,71.6,91.9,12.6,40.5,24,62.2,47.6,22.5,26.2,"29.3"
"Bohm, Alec",664761,2022,631,17.4,4.9,"0.118",".334","90.2",6.8,43,72,31.4,68.2,83.9,21.1,51.2,30.2,62.7,46.3,21,27.2,"27.0"
"Brown, Seth",664913,2022,555,26.3,9.2,"0.214",".342","89.2",13,41.4,69.7,29,45.5,82,29.6,48.3,40.3,61.2,36.6,30.4,24.5,"27.8"
"Peña, Jeremy",665161,2022,558,24.2,3.9,"0.173",".307","88.1",9.7,36.7,75.3,37.8,45.3,84.7,29.7,55.2,42.6,68.5,47.7,22.4,25.3,"29.4"
"Guerrero Jr., Vladimir",665489,2022,706,16.4,8.2,"0.206",".354","92.8",11.2,50.4,71.4,30.6,58.7,83.8,24.4,49.7,37.8,59.3,52.3,17.1,24.5,"26.7"
"Soto, Juan",665742,2022,664,14.5,20.3,"0.210",".403","91",12.4,47.4,56.3,17.2,64.6,86.2,19.4,35.5,33.6,53.9,47.4,27.1,19.2,"26.6"
"Giménez, Andrés",665926,2022,557,20.1,6.1,"0.169",".332","87.8",6.2,37.8,70.9,38.4,61,81.2,26.4,53.7,37.8,63.5,48.2,19.4,24.4,"29.3"
"Bichette, Bo",666182,2022,697,22.2,5.9,"0.179",".334","91.9",9.6,50.3,77.6,35.2,59.7,85.2,23,55.9,29.3,66.1,49.1,22,24.6,"27.5"
"García, Adolis",666969,2022,657,27.9,6.1,"0.206",".326","92.1",12.9,47.4,73.5,37.3,55.5,73.3,33.5,53.5,39.3,62.9,41.1,25,24.5,"27.9"
"Arozarena, Randy",668227,2022,645,24.2,7.1,"0.182",".299","89.9",7.9,41,64,30.9,58.7,78.5,28.7,46.1,32.4,60.5,50.2,19.7,20.8,"28.8"
"Reynolds, Bryan",668804,2022,614,23,9.1,"0.199",".332","90.2",7.9,42.9,73,31.5,49,84.1,27.8,50.4,39.2,62.6,43.7,27.8,24.6,"28.2"
"Rojas, Josh",668942,2022,510,19.2,10.8,"0.122",".308","88.8",4.5,36.1,62.5,19.9,59.3,83.7,22.3,41,32.7,58.4,43.9,26.2,26.2,"27.3"
"Melendez, MJ",669004,2022,534,24.5,12.4,"0.176",".336","90.7",10.4,43.5,66,24.1,53.7,79.3,27.8,44.6,43.5,55.8,39.6,32.7,20.8,"27.8"
"Murphy, Sean",669221,2022,612,20.3,9.2,"0.176",".346","88.7",10.5,41.4,71.1,29.5,61.1,82.7,24,49.3,39.7,62.5,42.1,23.4,27,"26.1"
"Edman, Tommy",669242,2022,630,17.6,7.3,"0.135",".314","88.6",6.2,37.8,64,30.6,61.7,88.2,20.6,47,37.8,61.4,49.4,20.5,23.5,"28.7"
"Smith, Will",669257,2022,578,16.6,9.7,"0.205",".358","89.9",10.3,43,63.7,21.3,70.9,83.9,19.3,42.6,36.5,60,31.5,37.3,25.5,"27.5"
"Hays, Austin",669720,2022,582,19.6,5.8,"0.163",".301","87.7",5.2,37.7,67.7,36.2,58.1,87.7,23.5,51,40.8,65.3,43.6,22.4,23.6,"27.8"
"Alvarez, Yordan",670541,2022,561,18.9,13.9,"0.307",".459","95.2",21,59.8,63.7,24.8,52.7,87.4,23.5,42.7,39.1,54.4,39.9,30.5,27,"26.6"
"Kirk, Alejandro",672386,2022,541,10.7,11.6,"0.130",".354","90.5",6.7,45.4,59.6,23.3,72.7,89.5,15.4,41,32.2,59.7,50,20.4,24.5,"24.2"
"Kim, Ha-Seong",673490,2022,582,17.2,8.8,"0.132",".314","86.7",4.2,32.4,60.4,24.9,67.7,85.9,19.1,43.3,45.3,62,40.8,22.9,25.9,"28.4"
"Rodríguez, Julio",677594,2022,560,25.9,7.1,"0.225",".342","92",13.1,50.7,70.5,33.5,51.4,80.1,30.4,50.2,39.2,65.1,46.3,24,22.3,"29.7"
"Witt Jr., Bobby",677951,2022,632,21.4,4.7,"0.174",".318","89.7",8.7,38.6,70.4,34.7,61,82.1,25.2,51.8,33.2,64,36.2,33.4,22.6,"30.3"
"Kwan, Steven",680757,2022,638,9.4,9.7,"0.102",".315","85.1",1.4,20.8,55.1,20.2,80.8,94.5,9,38.1,28.3,59,42.6,23.6,27.9,"28.4"
"Vaughn, Andrew",683734,2022,555,17.3,5.6,"0.158",".322","90.8",7.9,48.6,61.4,32.8,62.5,87.9,21,47,31,62,48,22.2,25.1,"26.2"
"Turner, Justin",457759,2023,626,17.6,8.1,"0.179",".338","89.5",5.7,39,63.6,25.7,68.9,87.8,17.5,45,37.9,60.7,35.7,33,25.1,"25.2"
"Santana, Carlos",467793,2023,619,16.8,10.5,"0.189",".309","88.8",6.7,36.4,68.2,24,65.1,82.8,22.1,45.3,47.1,56.2,43.3,24.2,22.2,"25.9"
"Goldschmidt, Paul",502671,2023,687,23.4,12.7,"0.179",".365","91.3",12,50.8,61.9,26.5,62.8,76.8,27.5,44,31.5,61.3,41.4,26.9,25.7,"26.4"
"Freeman, Freddie",518692,2023,730,16.6,9.9,"0.236",".406","90",11.1,42.2,76.1,26.9,63.1,85.7,20.4,51,35.3,62,35.9,29.6,30.9,"26.7"
"LeMahieu, DJ",518934,2023,562,22.2,10.7,"0.147",".323","89.6",5.9,43,54.4,23.1,63.2,87.2,19.7,39.2,31.8,60.6,55.6,17.4,22.5,"25.7"
"Perez, Salvador",521692,2023,580,23.3,3.3,"0.167",".326","90.1",8.8,44,77.5,47,56.5,80.3,30.2,60.2,39.7,64,36,30.2,26.3,"24.3"
"Ozuna, Marcell",542303,2023,592,22.6,9.6,"0.284",".395","91.8",16.6,49,69.8,29.7,53.6,82.9,26.7,48.4,42.5,59.9,39.9,32.4,21.9,"26.4"
"Semien, Marcus",543760,2023,753,14.6,9.6,"0.202",".335","88.4",6.5,37,72.9,21.4,60,88.4,18,47.1,46.9,60.9,34,35.4,23.5,"28.7"
"Springer, George",543807,2023,683,18.3,8.8,"0.147",".330","88.3",7.7,39.9,73.4,23.1,55.2,84.2,22.3,49.3,37.5,61.6,44.8,25.9,22.4,"27.8"
"Harper, Bryce",547180,2023,546,21.8,14.7,"0.206",".396","91.8",15.2,46.8,77.9,33.4,47,78.8,33.5,51.4,36.5,58.2,45.3,22.8,27.2,"27.6"
"Abreu, José",547989,2023,594,21.9,7.1,"0.146",".315","89",8.7,41.6,65.2,36.3,59.5,82.1,26.4,50.1,32.7,59.2,45,21.9,26,"25.5"
"Díaz, Elias",553869,2023,526,22.4,6.5,"0.142",".296","88.1",6.2,38.4,76.5,36.1,54.4,81,28.4,54.8,40.3,62.7,46.5,19.9,25.3,"25.0"
"Suárez, Eugenio",553993,2023,694,30.8,10.1,"0.159",".323","90.3",13.2,43,65.7,23.6,44.5,75.4,32.8,44.5,46.3,60.1,34.2,34.4,25.1,"26.4"
"Arenado, Nolan",571448,2023,612,16.5,6.7,"0.193",".320","88.8",7.3,38.1,65.5,34.1,64.1,89.4,20.2,48.5,46.9,58.3,38.8,25.7,24,"24.9"
"Hernández, Enrique",571771,2023,508,19.1,6.7,"0.120",".273","87.8",4.5,33.7,66,28,58.6,84.1,23.6,46.7,35,61.6,37.4,28.1,24.3,"26.9"
"Muncy, Max",571970,2023,579,26.4,14.7,"0.263",".362","91.2",14.6,46.6,57.3,23.5,51.6,79.2,29.6,39.3,51.3,58.7,33.4,38.5,18.5,"26.9"
"Walker, Christian",572233,2023,661,19.2,9.4,"0.239",".340","88",11.4,40.4,71.3,26.1,53.3,81.1,26.4,48.6,40.6,60.4,38.7,32.6,19.4,"26.4"
"Canha, Mark",592192,2023,507,15.6,9.7,"0.138",".323","87.9",4.7,36.7,59,23.8,63.7,88.7,18.3,41.6,42.5,64.6,43.9,25.4,21.8,"27.8"
"Castellanos, Nick",592206,2023,671,27.6,5.4,"0.204",".322","88.9",10.3,43.2,74.6,41,44.6,77.9,35.4,56.2,46.5,69,41.8,28.9,24.4,"27.2"
"Drury, Brandon",592273,2023,523,26,4.8,"0.235",".317","89.9",11,46.3,69.1,34.9,51,79.8,30.2,51.6,39.3,62.7,42.7,26.3,24.6,"26.9"
"Machado, Manny",592518,2023,601,18.1,8.3,"0.204",".334","91",10.5,45.9,69.5,29.3,58.8,83.5,23.9,49.3,35.5,62.3,40.2,28.9,22,"26.3"
"Realmuto, J.T.",592663,2023,540,25.6,6.5,"0.200",".334","89.8",11.2,43.3,70.7,30.6,56.3,81.4,26.2,50.5,42.1,59.8,37.6,28.9,24.2,"28.6"
"Renfroe, Hunter",592669,2023,548,22.8,8,"0.183",".289","88.3",6.1,39.1,70.6,33.5,57.7,81.9,26.4,50.8,48.7,61.9,42.8,25.3,21.8,"26.8"
"Rosario, Eddie",592696,2023,516,23.6,6.6,"0.195",".317","88.6",9.5,35.4,73.6,43.5,60.2,77.2,29.8,57.4,42.3,64.9,39.8,28.4,25.6,"28.0"
"Yelich, Christian",592885,2023,632,22.2,12.3,"0.169",".356","91.7",9.2,50.1,68,24.9,51.5,82.4,26.8,45,35,58,57.4,17.3,22.4,"28.1"
"Merrifield, Whit",593160,2023,592,17.1,6.1,"0.110",".278","85.1",2.4,24.3,69.8,32.5,69.8,85.5,19.5,51.1,31.4,65.9,40.5,25.7,26.1,"28.8"
"Bogaerts, Xander",593428,2023,665,16.5,8.4,"0.155",".317","87.6",6.1,34.6,59.1,25.2,63.3,86.2,20.4,42.6,36.6,60.3,49.8,22.6,21.1,"27.6"
"Profar, Jurickson",595777,2023,521,17.3,9.6,"0.126",".307","86.5",4,31.8,68.8,25.1,58.4,87.7,20,47.2,41.2,63,40.1,24.1,26.7,"25.6"
"Báez, Javier",595879,2023,547,22.9,4.4,"0.103",".281","88",5.2,39.7,68.2,44,53.5,78.3,32.7,54.8,37.4,63.6,50.5,23.5,21.4,"28.1"
"Lindor, Francisco",596019,2023,687,19.9,9.6,"0.216",".346","91.2",10.4,43.9,70.4,27.2,61.2,83.9,22.8,48,44.7,60.5,34.1,31.4,24.2,"28.1"
"Candelario, Jeimer",600869,2023,576,22,9.2,"0.220",".318","88.3",7.9,36.4,68.1,28.3,57.7,83.9,24.2,47.4,42.9,57.9,39.8,28,25.1,"27.5"
"Bell, Josh",605137,2023,617,21.7,10.2,"0.172",".343","90.1",10.1,43,70.8,27.8,55.2,82.8,25.8,47.7,43.5,57.9,48.8,26,21.4,"25.9"
"Betts, Mookie",605141,2023,693,15.4,13.9,"0.272",".408","92.4",12.4,48.5,60.4,16.6,53.9,91.8,16.7,38.1,45.4,59.5,27.6,35.7,29.3,"27.2"
"Davis, J.D.",605204,2023,546,27.8,9.5,"0.164",".323","91.1",9.6,45.2,79.1,26.5,43.8,73.2,34,53.1,38.9,65.2,53.3,20.4,23.1,"25.8"
"Arcia, Orlando",606115,2023,533,19.1,7.3,"0.156",".306","88.2",6.9,41.1,65.4,26.4,58.8,82.3,24.3,46.2,39.8,63.2,53.5,20.8,19.5,"25.9"
"Hernández, Teoscar",606192,2023,678,31.1,5.6,"0.177",".334","91.3",13.8,49.4,73,35.2,42.7,75.2,35.8,53.6,36.6,65.3,42.8,26.8,24.9,"28.6"
"Marte, Ketel",606466,2023,650,16.8,10.9,"0.209",".342","91.1",8,42.8,67.2,24.5,62.3,85.9,20.5,45.5,42.2,60.2,45.8,25.2,23,"27.7"
"Nimmo, Brandon",607043,2023,682,21.4,10.9,"0.192",".352","91.8",9.5,47.9,62.4,19.9,55.4,84.5,22,42.4,31,62.5,41.2,26.4,25.5,"28.0"
"Turner, Trea",607208,2023,691,21.7,6.5,"0.193",".331","89.9",8.4,42.2,74.1,35.3,49.6,82.2,29.6,53.1,35.9,64.9,40.2,30.6,23.7,"30.3"
"Ramírez, José",608070,2023,691,10.6,10.6,"0.193",".360","90",7,40.4,67.2,28.2,69.8,91.2,15.6,46.6,49.6,54.6,34.9,28.5,26.3,"27.8"
"Bregman, Alex",608324,2023,724,12,12.7,"0.179",".353","88.6",5.4,38.2,61.1,18.6,70,91.3,14.1,38.7,40.8,60.7,35.4,31.1,25,"26.3"
"Seager, Corey",608369,2023,536,16.4,9.1,"0.296",".411","93.3",15.2,53.2,83.6,28.1,44,85.9,25,55.1,39,62,40.3,29.4,27.1,"26.2"
"Meneses, Joey",608841,2023,657,19.8,5.8,"0.126",".289","89.4",5.4,41.7,64.7,31.5,58,85.8,23.6,47.6,39.5,62.4,48.1,19.2,25.8,"25.6"
"Swanson, Dansby",621020,2023,638,24.1,10.3,"0.172",".344","89.3",10.9,39.7,71.3,23.7,56.4,76.4,28.7,47.3,42.9,61.8,44.1,25.2,24.2,"28.4"
"Correa, Carlos",621043,2023,580,22.6,10.2,"0.169",".327","90.4",9.6,45.9,62.1,26.8,57,83.4,25.1,43.6,35.5,60.4,46.4,21.5,24.9,"26.6"
"Olson, Matt",621566,2023,720,23.2,14.4,"0.321",".395","93.7",16.4,55.5,71.5,26,62.4,75.6,28.4,46.8,36,55.9,38.7,34.4,20.9,"26.2"
"Santander, Anthony",623993,2023,656,23.2,8.4,"0.215",".320","90.6",10.2,46,66.9,34.4,67.6,82.1,23.5,49,46,62.7,35,32.5,19.6,"26.7"
"Alonso, Pete",624413,2023,658,22.9,9.9,"0.287",".369","89.5",14.7,40.1,61.9,27.4,56.9,82.1,26.2,43.7,43.7,58.8,36.3,35.4,19,"26.0"
"Soler, Jorge",624585,2023,580,24.3,11.4,"0.262",".375","91.3",15,48,66.7,25.6,55.1,80.5,27.6,44.1,46.6,56.7,36.2,31.6,24,"26.6"
"Cronenworth, Jake",630105,2023,522,18.6,8.8,"0.149",".306","87.4",4.4,33.2,67.1,26.4,65.9,90.6,16,47.6,35.4,60.7,37.6,29.2,26.2,"28.3"
"Anderson, Tim",641313,2023,524,23.3,5,"0.051",".280","87.8",2.9,39.4,71.5,35.3,59.1,82.3,25.3,53.5,29.5,65.6,61.4,10.7,26.8,"27.2"
"Bellinger, Cody",641355,2023,556,15.6,7.2,"0.218",".328","87.9",6.1,31.4,67.8,31,68.4,85,20.1,49.9,43.2,62.3,35.8,29.2,26.4,"28.3"
"Crawford, J.P.",641487,2023,638,19.6,14.7,"0.172",".341","88.3",4.8,36.2,58.4,18.6,62.6,87.3,18.6,38.6,43.2,53.1,39.6,23.7,28,"26.7"
"McMahon, Ryan",641857,2023,627,31.6,10.8,"0.191",".334","90.8",11.4,44.2,67.6,25.4,50.6,73.6,32.3,47.4,33.9,61.8,44.2,28.1,26.1,"25.8"
"Smith, Dominic",642086,2023,586,15.5,8,"0.112",".321","86.3",6.6,30.8,68.7,30.3,66.8,86.2,19.9,49,36.1,64.6,42.7,25.8,26.3,"25.8"
"Rosario, Amed",642708,2023,545,18.2,5.3,"0.115",".306","88.3",3.4,39.4,69.2,39.4,63.2,85.7,23.1,53.4,30.4,67.2,48.1,18.1,27.1,"29.4"
"Adames, Willy",642715,2023,638,25.9,11.1,"0.190",".333","87.4",12.4,36.5,71.6,31.8,49.4,79.3,31,50,45.2,60.6,36.3,31.5,22.3,"27.6"
"Estrada, Thairo",642731,2023,530,22.6,4.2,"0.145",".293","85.9",4.8,33.7,67.3,38,61.7,89.3,21.5,51.7,44.3,65.8,45.4,22.3,25.5,"28.1"
"Benintendi, Andrew",643217,2023,621,14.3,8.4,"0.094",".314","86.6",2.9,27,70.4,26.6,71.6,84,19.3,49,29.8,61.9,39.6,26.6,28.5,"27.3"
"McNeil, Jeff",643446,2023,648,10,6,"0.108",".296","86",1.3,27.4,75.9,29.9,70.9,92.6,13.5,53,37.5,63.4,42.2,22.1,25.7,"27.4"
"Albies, Ozzie",645277,2023,660,16.2,7,"0.233",".341","88.7",8.2,39,77.9,35.1,65.9,86.6,20.6,54.6,51.7,56.8,36.8,33.8,23.7,"27.6"
"Devers, Rafael",646240,2023,656,19.2,9.5,"0.229",".379","93.1",12.7,55.1,77.1,32.5,69.3,76.2,26.1,52.6,35.9,59.6,42.7,28.4,20.6,"26.0"
"Arraez, Luis",650333,2023,617,5.5,5.7,"0.115",".355","88.3",3.5,25.7,68.6,31.8,87.2,94.2,7.9,51,26.8,60.6,42.8,24.1,31.3,"26.1"
"Torres, Gleyber",650402,2023,672,14.6,10,"0.180",".363","89.7",7.9,40.3,69,25.9,64.6,83.7,21.8,46.8,33.9,62.1,38.9,30.6,24.8,"26.4"
"Díaz, Yandy",650490,2023,600,15.7,10.8,"0.192",".384","93.4",9.5,54,65.5,19.7,60.1,88.1,18.4,42.6,27.7,59.2,52.2,20.8,23.8,"26.6"
"De La Cruz, Bryan",650559,2023,626,22.7,6.4,"0.154",".330","89.9",8.8,42.5,68.2,34.3,59.4,78.3,28.7,50.1,34.4,63.6,40.7,24.9,29.4,"27.7"
"Chapman, Matt",656305,2023,581,28.4,10.7,"0.184",".336","93.4",17.1,56.4,66.6,18.9,54.4,72.8,31.1,43.3,36.7,60.5,35,30.6,23.1,"28.5"
"McKinstry, Zach",656716,2023,518,21.8,8.5,"0.120",".312","87.2",7.6,33.5,68.1,27.1,59.7,88.1,20.5,47.3,30.6,57.5,35.7,34,26.1,"28.5"
"Schwarber, Kyle",656941,2023,720,29.9,17.5,"0.277",".363","92.4",16.4,48.8,55.8,21.6,47.9,77.5,31.5,37.7,52.5,57.1,34.6,33.8,20.1,"25.0"
"Thomas, Lane",657041,2023,682,25.8,5.3,"0.200",".319","88.5",9.6,40.7,61.1,27.2,55.4,87.3,23,43.6,47.7,60.4,43.4,23.5,25.9,"29.3"
"Verdugo, Alex",657077,2023,602,15.4,7.5,"0.157",".331","89.2",5,37.6,57.5,22.2,62.6,91.8,15.6,40.9,34.9,58.4,44.8,23.1,27.1,"27.3"
"Ohtani, Shohei",660271,2023,599,23.9,15.2,"0.350",".428","94.4",19.6,54.2,70.5,29.7,51.5,76,32.3,48.2,37,57.9,42.6,30.3,22.7,"27.8"
"Acuña Jr., Ronald",660670,2023,735,11.4,10.9,"0.259",".461","94.7",15.3,55.2,70.7,22.6,68.2,85.6,18.7,46.2,37,58.7,48.8,22.4,26.2,"28.0"
"Ruiz, Keibert",660688,2023,562,10.3,5.5,"0.149",".322","87.4",5.8,31.9,66.6,36.5,74.9,92,14.3,51.1,45.2,60.1,38.8,24.6,26.1,"25.1"
"Contreras, William",661388,2023,611,20.6,10.3,"0.168",".336","91.3",9.4,48.7,62.6,24.7,55.4,79,28,43.2,32.6,60.9,55.4,20.4,19.9,"26.5"
"Varsho, Daulton",662139,2023,581,23.2,7.7,"0.169",".303","87.8",7.3,36.1,70.5,28.1,54.8,82.9,24.7,50.1,48,61.3,35.9,31.1,21.5,"28.1"
"Nootbaar, Lars",663457,2023,503,19.7,14.3,"0.157",".357","89.1",8.8,37.8,53.4,17.1,65.7,86.5,18.5,35.5,32,55.3,50.5,23,22.4,"27.8"
"Hoerner, Nico",663538,2023,688,12.1,7.1,"0.100",".313","86.6",1.8,33.4,60.5,30.5,76,93.2,12.5,45.6,30.6,62.2,47.2,20.3,25.5,"28.5"
"Riley, Austin",663586,2023,715,24.1,8.3,"0.235",".366","92.3",13.9,49.2,69.9,27.3,55.4,79.1,27.8,48.2,38.7,61.2,41.1,28.6,23.8,"28.1"
"Hayes, Ke'Bryan",663647,2023,525,19.8,5.3,"0.182",".322","92.2",7.4,48.3,61,30.7,58.8,89.3,21.2,45.6,27,61.5,42,26.2,24.9,"27.1"
"Tucker, Kyle",663656,2023,674,13.6,11.9,"0.233",".386","90.2",10.6,45.9,71.8,21.6,61.3,87.4,18.5,47,44.1,62.5,38.6,32.7,24.2,"26.6"
"India, Jonathan",663697,2023,529,20.6,9.8,"0.163",".338","89.5",7.7,38.6,56.9,19.6,57.7,84.8,22,38.6,41.5,58.8,39.5,29.3,24.7,"27.8"
"Raleigh, Cal",663728,2023,569,27.8,9.5,"0.224",".329","89.5",12.6,41,71,31.4,53,78.8,29.9,49.7,50.8,57.6,31.7,35.1,22.2,"27.0"
"Grisham, Trent",663757,2023,555,27.7,13.5,"0.154",".322","90.3",11.9,40,60.3,21.6,53.5,77.9,28.3,41.6,43.8,55.1,38.1,28.1,23.8,"27.7"
"Vierling, Matt",663837,2023,530,21.1,8.3,"0.127",".322","89.1",4.6,42.8,59.1,28.5,66.6,86.8,19.4,44.3,32,64.3,49.1,20.3,23.8,"29.1"
"Stephenson, Tyler",663886,2023,517,26.1,9.1,"0.135",".314","89.4",7.6,43.5,61.8,24.1,50,80.3,28.4,42.5,36.6,63.8,48.9,23.3,24.5,"26.9"
"Lowe, Nathaniel",663993,2023,724,22.8,12.8,"0.152",".339","89.8",6.5,41.6,67.2,20.8,58.6,85.9,20.6,43.8,28.4,56.5,48.2,20.2,26.7,"27.3"
"Happ, Ian",664023,2023,691,22.1,14.3,"0.183",".349","89.9",9,39,67,22.9,55.1,81.7,25.3,44.4,37.2,59.5,41.8,25.6,25.6,"27.7"
"France, Ty",664034,2023,665,17.6,6.5,"0.116",".340","87.5",6.8,38.6,74,33.4,54.9,89.1,21.9,53.2,39.7,60.6,41.8,23.1,26.5,"25.0"
"Straw, Myles",664702,2023,518,18.7,8.1,"0.059",".273","86.3",0.5,23.3,60,23.9,77.6,88.5,14.1,44,23.9,62.9,48.5,20.7,25.5,"29.2"
"Bohm, Alec",664761,2023,611,15.4,6.9,"0.163",".344","89.4",5.7,41.7,68.9,30,67.2,88.1,18.1,49.8,28.3,60.2,42.6,23.8,28.5,"26.6"
"Wade Jr., LaMonte",664774,2023,519,18.3,14.6,"0.161",".361","88.4",9.1,39.8,62,17.9,51,87.6,20.8,39.5,43,59.1,39.5,28.7,23.7,"26.0"
"Peña, Jeremy",665161,2023,634,20.3,6.8,"0.118",".310","88",4,35.8,73.2,36,44.9,86.7,28.4,53.2,41.8,64.1,54.4,18.9,22.9,"29.4"
"Tatis Jr., Fernando",665487,2023,635,22.2,8.3,"0.192",".364","91.9",11,49.3,78.8,32.3,52.3,77.4,30.5,54.1,39.5,63.1,47.7,25.1,21.2,"29.3"
"Guerrero Jr., Vladimir",665489,2023,682,14.7,9.8,"0.180",".380","92.1",11.1,49.2,74.2,28.9,58.9,84.7,23,50.6,38.3,62.1,45.3,21.7,26.1,"26.4"
"Soto, Juan",665742,2023,708,18.2,18.6,"0.244",".407","93.2",13,55.3,57.8,16.6,60.2,85.8,20.5,35.8,35.5,55.5,51.9,25.2,18.9,"26.8"
"Taveras, Leody",665750,2023,554,21.1,6.3,"0.155",".320","90.1",7.2,43.1,70.9,28.2,55.5,84,24.2,49.4,28.7,62.6,45.9,22.7,26.4,"29.1"
"Giménez, Andrés",665926,2023,616,18.2,5.2,"0.148",".297","84.8",5.5,27,71.1,40,63.5,81.6,25.4,54.6,40,59.8,46.7,22.1,21.9,"29.2"
"Bichette, Bo",666182,2023,601,19.1,4.5,"0.169",".356","90.2",9.6,44.9,77.1,36.4,62,87,21.1,56.6,25.8,62.9,46.4,18.8,30.9,"27.1"
"García, Adolis",666969,2023,632,27.7,10.3,"0.263",".365","92.1",16.1,49.7,71.5,29.4,51.8,76.4,31.6,48.6,39.6,57.6,37.8,36,20.5,"27.3"
"Gurriel Jr., Lourdes",666971,2023,592,17.4,5.6,"0.202",".325","89.7",8.4,46,67.5,30.4,65.8,88.2,18.7,49.1,39.1,62.1,43.3,24.4,26.7,"27.1"
"Rooker, Brent",667670,2023,526,32.7,9.3,"0.242",".342","91.6",15.6,49.5,66.1,27.4,35.4,73.5,38.2,46.1,35.3,59.7,33.2,36.9,24.7,"27.1"
"Arozarena, Randy",668227,2023,654,23.9,12.2,"0.171",".347","91.7",12.3,48.4,61,27.5,60,76.5,29.1,43,33.8,60.6,43.3,25.3,23.3,"28.4"
"Steer, Spencer",668715,2023,665,20.9,10.2,"0.193",".332","88.7",6.7,37.1,63.1,23.9,57,82.8,24.1,43.8,40.5,59.4,38,27.5,24.6,"28.4"
"Reynolds, Bryan",668804,2023,640,21.6,8.3,"0.197",".359","90.9",11.1,47.3,73.1,25.8,47.3,82.1,28.2,47.4,37.8,56.9,44.1,28.7,24,"27.8"
"Rutschman, Adley",668939,2023,687,14.7,13.4,"0.158",".374","88.4",7.5,38.6,60.7,23.4,72.9,89.3,15.6,41,37.2,56.5,42.9,26,26.4,"27.0"
"Melendez, MJ",669004,2023,602,28.2,10.3,"0.163",".326","93.2",11.4,49.6,69.3,26.8,47.9,72.6,34.4,47.9,42,64.8,35.4,34.6,25.3,"27.6"
"Edman, Tommy",669242,2023,528,15.9,6.6,"0.151",".312","89.1",5,38.8,61.9,28.6,65.1,92.2,16.1,45.7,41,61.9,51.7,21.4,20.1,"28.8"
"Smith, Will",669257,2023,554,16.1,11.4,"0.177",".350","89.3",6.7,41.6,67.9,25,72.4,83.8,19.5,45.7,34.9,58.9,37.7,32.3,24,"27.2"
"Suwinski, Jack",669261,2023,534,32.2,14,"0.230",".346","90.5",15.7,43.4,61.1,18.2,44.9,77.8,30.1,39,40.2,53.8,28.1,36.3,23.1,"28.6"
"Burger, Jake",669394,2023,540,27.6,5.9,"0.268",".359","91.9",16.7,49.6,70.8,38.5,44.5,78.5,34.1,54,45.8,62.6,42.9,21.9,25.1,"28.0"
"Hays, Austin",669720,2023,566,24.9,6.7,"0.169",".309","89.4",8.9,40.1,63.8,30.9,50.9,82.6,28.4,46.6,37,62.8,44.8,29.7,20.3,"27.4"
"Paredes, Isaac",670623,2023,571,18.2,10.2,"0.238",".316","86.9",5.9,28.5,66,28.3,67,89.2,18.2,45.6,52.7,58.7,31.6,28.5,24.9,"26.1"
"Friedl, TJ",670770,2023,556,16.2,8.5,"0.188",".287","86.7",3.2,27.6,59.1,24.6,64.2,88.6,18.4,42.2,42.3,60.7,42.8,25.9,22,"28.3"
"Casas, Triston",671213,2023,502,25.1,13.9,"0.227",".370","91.1",13.1,46.6,66.5,22.1,56.4,77.3,28.1,43.6,40,53.8,36.4,31.5,25.6,"24.9"
"Harris II, Michael",671739,2023,539,18.7,4.6,"0.184",".356","90.9",10,48.5,68.2,38.1,64.2,82.2,24.4,52.9,33.3,62.5,48,17.4,28.2,"28.8"
"Garcia, Maikel",672580,2023,515,22.3,7.4,"0.086",".320","91.8",3.9,50.6,63.6,20.6,67.2,84.4,19.5,43.1,29.4,64.5,48.3,18.3,29.2,"28.2"
"Robert Jr., Luis",673357,2023,595,28.9,5,"0.278",".347","89.1",15.4,42.3,78.1,40.6,45.7,78.6,33.5,58.3,45.2,69.4,36.4,30.3,24.7,"28.7"
"Kim, Ha-Seong",673490,2023,626,19.8,12,"0.138",".313","86.2",4.2,26.7,55.1,20.4,72.8,85.2,17.8,38.9,42,57.8,41.3,25.2,24.3,"28.5"
"Suzuki, Seiya",673548,2023,583,22.3,10.1,"0.200",".357","91.4",10.5,48,60.5,19.8,60.5,84.2,21.3,40.9,37,60,43.6,24,28.6,"28.5"
"Jung, Josh",673962,2023,515,29.3,5.8,"0.201",".334","91.8",11.9,47.4,72.7,32.9,52.1,79.4,29.7,51.8,36.8,66.8,37.4,29.5,29.5,"26.8"
"Rodríguez, Julio",677594,2023,714,24.5,6.6,"0.210",".343","92.7",11.9,52,72.1,37.4,51.4,83.3,28.3,53.9,39.5,63.4,47.6,24.5,23.3,"29.6"
"Witt Jr., Bobby",677951,2023,694,17.4,5.8,"0.219",".368","90.7",11.5,45.6,71,30.7,63.5,83.3,22.8,50.5,35,62.3,37.6,28.4,25.9,"30.5"
"Tovar, Ezequiel",678662,2023,615,27,4.1,"0.155",".290","88",8.1,36.2,79.8,42,48.4,80.8,31.3,59.7,31.2,66.3,43.1,26.4,26.2,"28.1"
"Torkelson, Spencer",679529,2023,684,25,9.8,"0.213",".348","91.8",14.1,50.9,67.6,23.6,54.1,82.4,24.7,46.2,46.1,60.6,33.9,31.6,24.5,"27.4"
"Kwan, Steven",680757,2023,718,10.4,9.7,"0.102",".319","86",1.1,18.8,59,21.3,72.7,94,11.2,41.2,27.7,61.9,46.7,20,28.8,"28.1"
"Stott, Bryson",681082,2023,640,15.6,6.1,"0.139",".312","88.1",4.7,35.2,59.1,29.5,76.1,88.7,15.3,45,31.4,60.3,47.4,23.1,25.3,"28.8"
"Outman, James",681546,2023,567,31.9,12,"0.189",".324","87.9",11.1,39.9,68.6,25.3,38.7,73.3,36.6,46,45.8,57.5,39.2,30.4,23.2,"28.9"
"Abrams, CJ",682928,2023,614,19.2,5.2,"0.167",".304","87.4",6.9,35.9,72,35.1,63.8,84.3,22.5,53.5,35.9,64.4,44.8,25.1,20.6,"28.6"
"Carroll, Corbin",682998,2023,645,19.4,8.8,"0.221",".345","90",7.6,40.9,65.3,28,62.8,85.6,21.6,45.8,38.4,57.9,45.3,24,23.3,"30.1"
"Henderson, Gunnar",683002,2023,622,25.6,9,"0.234",".347","92",11.4,52,66.7,26.6,58.4,79.6,26.4,46.8,36.6,62.6,45.8,26.5,23.3,"28.8"
"Volpe, Anthony",683011,2023,601,27.8,8.7,"0.174",".308","88.7",9,43,67.2,28.7,50.7,80.7,28.2,47.9,46.7,62.6,41.1,27.6,24.9,"28.4"
"Vaughn, Andrew",683734,2023,615,21,5.9,"0.171",".319","90.6",8.4,46.5,64.8,31.7,56,86.6,24.1,47.5,37.4,62.8,44.4,23.7,24.4,"25.5"
"Yoshida, Masataka",807799,2023,580,14,5.9,"0.156",".325","89",6.6,40.6,58.6,27.3,71,86.5,18.3,43.3,35.4,59.5,55,19.4,21.4,"26.2"
"McCutchen, Andrew",457705,2024,515,25.8,11.3,"0.179",".325","88.5",12,36.9,65.6,17.2,44.8,77.7,28.9,42,39.4,62.9,41.6,29.3,20.8,"26.8"
"Turner, Justin",457759,2024,539,17.6,10.9,"0.124",".333","87.1",4.6,32.5,65.6,25.2,68.7,88.5,17,45.4,38.7,57.7,32.5,30.6,29.8,"25.4"
"Santana, Carlos",467793,2024,594,16.7,10.9,"0.182",".333","89.2",7.3,39.9,64.9,23.4,59.7,83.4,23.3,43.3,52.6,56.7,38,28.8,22.2,"25.9"
"Goldschmidt, Paul",502671,2024,654,26.5,7.2,"0.169",".332","91.2",10.7,49.6,65.1,29.6,60.3,77.9,27.4,47.7,39,64,43.7,26.9,23.8,"26.3"
"Altuve, Jose",514888,2024,682,17.4,6.9,"0.144",".319","86.5",6.5,31.2,68.6,37.3,63.7,87.3,22.1,51.5,51.3,64.6,43,25.9,25.9,"27.1"
"Freeman, Freddie",518692,2024,638,15.7,12.2,"0.194",".369","89.4",9.1,41.8,73.8,26.6,71,83.4,20.2,49.4,34.2,60.3,38.7,31.1,27.6,"25.8"
"Perez, Salvador",521692,2024,652,19.8,6.7,"0.185",".361","91.1",12.2,44.8,77.3,42.9,59,81.7,27.8,57.8,46.7,65.7,33.8,33.8,24.4,"24.5"
"Ozuna, Marcell",542303,2024,688,24.7,10.8,"0.244",".404","92.1",15.5,53.4,72.5,26.5,49.6,77.4,31.4,46.8,46.8,57.6,38,31.6,27.3,"25.7"
"Semien, Marcus",543760,2024,718,14.6,8.9,"0.154",".320","87.4",6.6,35.2,75.9,25.3,55.9,88.2,20.2,50,46,60.4,39.6,30,22.5,"28.5"
"Springer, George",543807,2024,614,18.7,9.8,"0.151",".325","87.5",9.3,37.4,73,23.5,52.7,81.4,25.3,49.1,37,65.3,49.8,22.2,22.2,"28.1"
"Harper, Bryce",547180,2024,631,21.9,12,"0.240",".361","91.1",10.6,48.2,78.2,33.5,52.4,85.1,26.7,52.9,34.2,62.6,38.6,30.4,27,"27.4"
"Suárez, Eugenio",553993,2024,640,27.5,7.7,"0.213",".335","89.1",11.3,42.4,66.8,27,44.8,81.2,29.1,47.2,49.3,65.2,32.5,33.3,26.4,"26.5"
"Arenado, Nolan",571448,2024,635,14.5,6.9,"0.122",".299","86.3",3.2,31.6,63.9,30,67.3,90.2,17.2,46.8,44.2,61.6,39.4,23.5,27.8,"25.3"
"Walker, Christian",572233,2024,552,24.1,10,"0.217",".354","91.2",13.3,48,73.1,24.3,51.2,82.5,25.6,48,41,57.4,37.9,31.9,22.3,"26.2"
"Castellanos, Nick",592206,2024,659,21.1,6.2,"0.177",".337","88.4",8.1,38.2,79,37.8,48.1,80.6,30.1,58,37.5,69.9,38.4,30.5,26.9,"27.4"
"Judge, Aaron",592450,2024,704,24.3,18.9,"0.379",".480","96.2",26.9,61,67.4,18.7,42.7,77.3,30.7,42,40.3,52.6,31.5,38.7,25.9,"26.8"
"Machado, Manny",592518,2024,643,19.3,7,"0.197",".340","92.5",11,48.8,72.3,29.8,54.9,83.7,24.4,51.6,35.1,63.3,43.3,22,26.6,"25.8"
"Profar, Jurickson",595777,2024,668,15.1,11.4,"0.179",".366","91.1",7.2,44.4,68.6,22,66.9,87.9,17,45.6,39.3,60.2,43.1,25.6,23.5,"26.5"
"Lindor, Francisco",596019,2024,689,18.4,8.1,"0.227",".381","90.9",13.6,47.4,69.9,26.3,59,82.5,23.7,48.7,42.9,60.2,34.8,31.4,26.1,"27.6"
"Bell, Josh",605137,2024,603,19.9,8.5,"0.156",".312","88.9",7.6,40.1,73.4,27.4,54.4,81.2,26.8,48.8,41.3,59,49.6,23.5,21.1,"25.4"
"Betts, Mookie",605141,2024,516,11,11.8,"0.202",".364","89.9",6,39.5,60.8,21.1,61.3,93.9,14.9,40.4,34.3,61,27.2,35.3,29,"26.7"
"Arcia, Orlando",606115,2024,602,21.3,6.8,"0.136",".266","88.2",5.3,37.8,70.8,27.6,50.6,82.3,26.6,49.1,46.2,64.5,49.9,21.3,20.2,"25.6"
"Hernández, Teoscar",606192,2024,652,28.8,8.1,"0.229",".347","90.6",14.9,46.8,74.7,28.7,43.5,75.1,34,51.2,33.8,64.7,46.5,26.6,22.1,"28.6"
"Marte, Ketel",606466,2024,583,18.2,11.1,"0.268",".394","94",12.3,53.8,71.3,26.1,60,85.9,21.3,48.2,47.4,58.8,48.9,24.8,21.4,"27.1"
"Nimmo, Brandon",607043,2024,663,23.8,11.6,"0.175",".338","91.9",9.1,47.4,65.6,24.1,54.5,84.8,23.4,44.8,37,59,42.8,27.2,25,"28.0"
"Turner, Trea",607208,2024,539,18.2,5,"0.174",".323","89.1",6.9,40.7,74.8,33.9,49,85.8,26.1,53.7,43.6,66.6,47.1,26.5,21.3,"29.6"
"Ramírez, José",608070,2024,682,12,7.9,"0.258",".333","89.2",8.6,39.7,69,31.7,73.4,90.6,15.2,49.4,51.3,55.3,34.2,31.1,22.6,"28.2"
"Bregman, Alex",608324,2024,634,13.6,6.9,"0.193",".325","89.1",6.4,40.5,65.6,23.6,75.3,91.3,12.8,44.9,39.9,63.6,36.5,28.3,24.2,"26.7"
"Seager, Corey",608369,2024,533,18,9.9,"0.234",".391","92.1",15.2,50.7,79.5,27.8,49.8,86.5,23.4,53,40.7,62.2,40.9,31.2,24.7,"25.3"
"Winker, Jesse",608385,2024,508,20.9,12.4,"0.152",".330","88.6",7.6,37.4,64.7,19,62.5,85,19.6,43.2,35,61.9,45.9,22.2,22.8,"26.1"
"Swanson, Dansby",621020,2024,593,24.3,9.1,"0.148",".324","89.4",9.2,42.7,71,24,51.1,77.4,28.7,48.7,43.3,62.2,49.9,23.2,21.6,"27.8"
"Ward, Taylor",621493,2024,663,24.6,9.5,"0.180",".345","90.9",13,42.4,64.8,20.8,49.1,82.3,25.5,43.2,32.3,61.1,32.3,36.3,27.7,"26.8"
"Olson, Matt",621566,2024,685,24.8,10.4,"0.210",".342","91.5",12.4,47.4,72.4,28.7,63.6,78,26.3,49.7,38.4,60.3,35.9,30.3,26,"25.5"
"Santander, Anthony",623993,2024,665,19.4,8.7,"0.271",".327","89.8",11.7,41.6,67.8,33.9,72.1,84.6,20,49.7,44.4,61.5,30.6,33.8,21.7,"26.0"
"Alonso, Pete",624413,2024,695,24.7,10.1,"0.219",".345","89.8",13.2,46.4,61.1,25.9,51.9,85.9,24.7,42.9,41.6,57.5,42,28.2,21.1,"26.1"
"Soler, Jorge",624585,2024,574,24.6,11.8,"0.201",".352","90.5",12.6,44.1,64.8,26.8,46.4,82.9,28.9,44.5,41.6,58.9,37.6,30.1,22.5,"26.9"
"Cronenworth, Jake",630105,2024,656,18,9.3,"0.149",".339","88.6",7.8,36.7,65.9,23.1,63.9,89.2,17.1,45,32.6,58.2,43.6,25.3,23.8,"27.7"
"Bellinger, Cody",641355,2024,569,15.6,7.9,"0.160",".305","87.8",6.3,32.9,67.1,32.4,65,84,22.2,49.8,40.5,59.1,37,35,21.1,"28.4"
"McMahon, Ryan",641857,2024,645,28.7,10.7,"0.155",".327","92.1",10.9,49.7,65.6,26.6,49.4,77.6,30,46.9,33.9,60.7,49,24.6,24.4,"25.9"
"Adames, Willy",642715,2024,688,25.1,10.8,"0.211",".341","88.6",12,40.7,71.3,28.1,49.5,78.9,29.5,49.5,43.9,59.9,30.9,36.4,22.7,"27.4"
"Benintendi, Andrew",643217,2024,522,18.4,7.9,"0.167",".310","88",6.3,34.4,69.3,25.2,66.9,83,21.1,48,44.8,61,38.3,31.8,23.2,"26.7"
"Devers, Rafael",646240,2024,601,24.5,11.1,"0.244",".366","93.2",13,52.6,73.8,30.4,63.2,71.9,30.9,50.9,32.3,60.7,41.4,26.6,25,"26.5"
"Naylor, Josh",647304,2024,633,16.6,9.2,"0.213",".338","89.9",8.4,40.9,72.3,32.2,63,85.4,22.4,50.3,38.1,60.3,46.8,25.1,20.8,"25.2"
"Arraez, Luis",650333,2024,672,4.3,3.6,"0.078",".330","86.3",1.6,23.7,63,35.3,88.7,95.3,6.9,49.8,31.6,61.3,42.2,25.2,27.7,"26.7"
"Torres, Gleyber",650402,2024,665,20.5,9.8,"0.121",".314","88.6",6.3,35.4,69.2,21.4,63,81.3,22.9,45.7,31.7,62.9,36.9,29.9,26.9,"26.6"
"Castro, Willi",650489,2024,635,23.6,8,"0.138",".323","87.4",7,36.8,72.7,31.7,46.5,82.6,29,51.4,40.4,65,40,27.1,27.4,"27.9"
"Díaz, Yandy",650490,2024,621,15.3,8.1,"0.133",".339","92.2",7.6,48.7,64,22.8,74.5,89.7,14.2,43.9,26.5,58.3,55.5,17.8,21.2,"25.4"
"De La Cruz, Bryan",650559,2024,622,27.3,4.7,"0.151",".306","89.6",9.3,41.3,75.3,32.6,53,77.6,30.1,53.4,38.7,64.6,41.3,29.8,24.6,"27.5"
"Chapman, Matt",656305,2024,647,24.4,9.9,"0.216",".342","93.2",12.6,48.3,63.4,24.2,63.2,81.1,23.5,44.6,37.9,64.2,38.4,28.4,23.2,"28.7"
"Hoskins, Rhys",656555,2024,517,28.8,10.3,"0.205",".306","88.7",12.7,42.2,59.3,25.4,61,78.8,26.3,42.8,52.6,62,33.3,36.6,19.6,"25.3"
"Schwarber, Kyle",656941,2024,692,28.5,15.3,"0.237",".382","93.6",15.6,55.5,60.7,20.9,45.7,76.3,32,39.9,48.4,56.4,40.9,28.6,22.7,"25.8"
"Thomas, Lane",657041,2024,528,25.9,8.3,"0.163",".311","88.8",7.4,40.6,64.1,22.8,58.8,82.9,23.3,43.8,40,62.6,39.1,26.8,23.2,"29.3"
"Verdugo, Alex",657077,2024,621,15,7.9,"0.123",".306","88.3",5.6,34.9,61.3,25.6,66.7,91,15.5,44.7,34.9,62,49.6,23,22.4,"26.7"
"Ohtani, Shohei",660271,2024,731,22.2,11.1,"0.336",".444","95.8",21.5,60.1,69.7,26.6,53.9,76.9,29.8,47.3,43.6,61,36.3,31.3,26.9,"28.1"
"Sánchez, Jesús",660821,2024,537,26.1,7.6,"0.165",".348","92.5",12.2,51.3,73.5,36.1,52.8,78.1,31.2,53.2,31.8,67,50.3,21.6,24.4,"27.2"
"Contreras, William",661388,2024,679,20.5,11.5,"0.185",".359","92.8",10,49.5,71,25.6,50.8,80.7,27.8,47.4,36.6,60.7,54,19.4,21.4,"26.4"
"Varsho, Daulton",662139,2024,513,26.7,9.4,"0.193",".265","86.1",6.2,34,70.3,25.9,55.4,80,27,47.6,47.5,62.3,33,30.6,18.2,"28.5"
"Hoerner, Nico",663538,2024,641,10.3,6.9,"0.100",".318","85.7",1.2,27.6,63.8,31.8,77.5,93.1,11.9,48.4,33.3,64.9,43.9,19.5,29.9,"28.4"
"Mountcastle, Ryan",663624,2024,507,22.5,5.3,"0.154",".336","90.8",8.8,45.2,75.9,38,58.6,83.8,25.1,56.1,27.4,63.9,44.4,23.6,27.4,"27.6"
"India, Jonathan",663697,2024,637,19.6,12.6,"0.144",".354","87.2",7.7,36.5,57.6,18.4,58.3,87.8,19.2,38.3,41.2,59.8,43.2,22.8,26.6,"28.0"
"Raleigh, Cal",663728,2024,628,28,11.1,"0.216",".347","91",15.4,48.1,74,32.8,52.9,77,31,52.3,45.5,63.8,31.1,36.7,21.3,"26.6"
"Vierling, Matt",663837,2024,567,21.3,7.2,"0.166",".312","89.8",7.5,40.9,62.1,22,60.5,87.2,19.5,42.8,36.8,57.8,42,23.6,26.4,"28.8"
"Stephenson, Tyler",663886,2024,515,22.7,9.3,"0.186",".325","90.2",9.1,43.9,63.4,23.7,52.8,86.8,22.7,43.2,39.2,62.4,47.7,27.2,21.3,"26.5"
"Rodgers, Brendan",663898,2024,539,24.5,5.8,"0.140",".299","89.3",5.6,44.1,69.1,29.1,48,85,25.9,49.3,33.3,66.7,56.7,16.9,23.4,"26.0"
"Lowe, Nathaniel",663993,2024,565,22.1,12.6,"0.136",".332","88.9",5.8,40,62.8,23.5,58.2,87.7,20.6,42.7,27.9,60.1,48.5,22.5,25.5,"26.4"
"Happ, Ian",664023,2024,657,25.6,12.2,"0.198",".347","90.8",11.7,45.2,67.8,23.3,52.7,78.6,27.9,45.9,38.7,61.3,39.2,30.3,22.8,"27.9"
"France, Ty",664034,2024,535,21.3,7.1,"0.131",".306","88.7",7.3,40,74.7,26.9,53.5,83.6,24.2,51.2,33.2,62.4,45.1,27.3,21.1,"25.1"
"Bohm, Alec",664761,2024,606,14.2,6.6,"0.168",".345","90.4",6.8,45.6,71.1,27.2,62.8,89.5,17.6,49.7,34.2,60.9,46.4,23.4,25.7,"26.3"
"Peña, Jeremy",665161,2024,650,17.1,3.8,"0.128",".314","88.2",5.4,38.8,72.9,36.9,50.6,88.6,24.9,54.2,40.2,67.6,50.4,23,21.8,"29.8"
"Guerrero Jr., Vladimir",665489,2024,697,13.8,10.3,"0.221",".412","93.8",13.7,54.9,68.5,27.5,62.7,84.9,21.5,48,33.6,61.9,47.7,21.2,26.9,"27.2"
"Soto, Juan",665742,2024,713,16.7,18.1,"0.281",".463","94.2",19.7,57,59,18.3,60.9,84.7,21.5,37.2,42.3,54.1,44.7,27.8,22.8,"26.8"
"Taveras, Leody",665750,2024,529,21.2,7.9,"0.123",".299","89",5.9,35.5,69.4,29.1,53.8,82.5,26.2,48.8,29.9,62.6,41.1,27.2,23.2,"28.5"
"Cruz, Oneil",665833,2024,599,30.2,8.5,"0.190",".344","95.5",15.7,54.9,63,31.7,48.4,76,34.1,46.3,39.3,63.9,48.1,20.6,25.3,"28.8"
"Chisholm Jr., Jazz",665862,2024,621,24.5,8.5,"0.180",".317","89.7",9.7,41.1,67.1,29.2,56.3,77.3,29.3,47.5,41.3,60.1,49.8,25,18.9,"28.6"
"Giménez, Andrés",665926,2024,633,15.3,4.1,"0.088",".301","86.3",2.8,28.5,74.6,37.4,62.4,84.3,22.8,56.4,37.6,62.4,51.1,18.4,24,"28.9"
"Morel, Christopher",666624,2024,611,26,10,"0.150",".316","89.2",10.2,40.4,68.7,26.2,48.7,72.8,34.1,47,45.7,64.6,45.1,25.2,17.6,"27.3"
"García, Adolis",666969,2024,637,27.8,7.1,"0.176",".309","91",12.5,48.2,74.9,33.6,48.5,75.3,34.3,52.1,34.7,64.7,38.9,31.3,22,"26.8"
"Gurriel Jr., Lourdes",666971,2024,553,18.3,5.2,"0.156",".325","88.4",6.7,40,69.5,32.9,62.3,88.2,20.2,51.1,40.5,64.3,38.1,27.1,26.1,"26.6"
"Rooker, Brent",667670,2024,614,28.8,9.6,"0.269",".381","91.9",16.6,49.6,72.6,31,39.8,78.9,34.1,50.2,42.6,63.8,33.8,34.3,23.3,"27.6"
"Arozarena, Randy",668227,2024,648,26.1,11.3,"0.169",".322","90.4",8.3,43.5,59.5,24.3,60,75,29.7,41,42.4,62.5,44.5,27.6,19,"28.1"
"Bleday, JJ",668709,2024,642,19.5,10.4,"0.194",".322","88.5",8.3,36.2,67.8,24.7,50.9,83,26.1,45.3,41.3,61.4,34.8,31.3,25.2,"27.6"
"Steer, Spencer",668715,2024,656,20.9,11,"0.177",".321","88",6.4,39.9,64.8,24.8,52.1,86.6,23.1,44.5,42.8,60.5,37.8,29.4,23,"28.2"
"Reynolds, Bryan",668804,2024,692,22.5,8.2,"0.172",".353","89.9",9.6,45.4,74,30.2,48.1,81.3,29.4,50.4,35.2,62.8,46.1,26.7,24.9,"28.0"
"Turang, Brice",668930,2024,619,17,8.1,"0.095",".302","87",2.4,29.7,64.5,28.4,74.5,90.7,13.8,47.7,24,62.6,53.7,17.7,24.5,"29.3"
"Rutschman, Adley",668939,2024,638,16.1,9.1,"0.141",".320","88.2",6.1,36.6,60.1,28.9,72.5,87.9,17.1,44.5,41.5,59.7,34.9,32,25.5,"26.6"
"Langeliers, Shea",669127,2024,534,27.2,7.7,"0.226",".328","91.3",12.8,44,69.5,30.7,50.6,80.3,29.2,49.5,45.2,64.8,37.6,30,22.4,"27.8"
"Smith, Will",669257,2024,544,19.3,9.4,"0.185",".337","89.4",10.8,42,66.6,26.3,65.8,84.5,20.9,46.2,31.9,60.9,33,40.4,22.2,"27.4"
"Burger, Jake",669394,2024,579,25.9,5.4,"0.210",".339","91.3",12.3,46.8,70.1,36.5,50.6,81.1,30.1,52.4,42.4,65.9,44,28.3,20.8,"27.9"
"Smith, Josh",669701,2024,592,20.4,7.8,"0.136",".309","87.8",3.7,37.1,66.9,25.9,59.1,85.1,21.8,47.1,43.7,65,39.6,29,25.3,"27.6"
"Alvarez, Yordan",670541,2024,635,15,10.9,"0.259",".415","93.1",14.5,49.7,67.9,30.6,63.5,88.9,19.9,47.8,36.4,58.9,33.4,36.2,23.9,"26.1"
"Paredes, Isaac",670623,2024,641,16.4,11.9,"0.155",".309","85",4.5,27.1,64.7,26.4,68.8,89,17.2,44.7,51.9,62.9,30.9,29.3,25.5,"25.9"
"Ramos, Heliot",671218,2024,518,26.1,7.1,"0.200",".337","91.5",14.5,47.5,72.3,29.9,48.1,81.7,28.7,50.3,30.2,61.2,43.3,27,24.4,"27.9"
"García Jr., Luis",671277,2024,528,16.3,5.1,"0.162",".335","89.1",8,41.7,69,36,63.6,87.4,21.3,51.7,26.3,65.3,48.4,25.1,23.9,"27.2"
"Garcia, Maikel",672580,2024,626,16.5,6.7,"0.101",".305","90.4",3.7,42.8,63.6,21.3,68.6,89.1,15.7,43.4,29.7,65.7,49.5,20.4,26.6,"27.9"
"Diaz, Yainer",673237,2024,619,17.3,3.9,"0.142",".343","90.2",7.6,47.5,77.7,42.6,59.8,86.4,24,58.8,38.3,66.9,51.2,18.7,25.5,"27.1"
"Suzuki, Seiya",673548,2024,585,27.4,10.8,"0.199",".348","91.7",11.5,49.2,59.6,20.7,53.9,83.4,24.5,39.6,32.6,57.5,33.7,34,26.7,"28.3"
"Burleson, Alec",676475,2024,595,12.8,5.9,"0.151",".333","89.7",6.5,41.7,77.6,34.5,68,86.7,19.2,55.7,33.5,63.5,42.5,25.5,25.5,"25.5"
"Meyers, Jake",676694,2024,513,22.8,6.8,"0.141",".306","88.2",6.8,37,68.1,31.2,50.2,84.1,27,49.1,43.9,69,44.2,27.4,21.7,"28.9"
"Rodríguez, Julio",677594,2024,613,25.4,6.2,"0.136",".348","91.7",10.2,48.4,74.6,37.3,52.9,78.8,30.9,54.3,33.4,61.8,44.6,26.2,23,"29.6"
"Witt Jr., Bobby",677951,2024,709,15,8,"0.256",".407","92.7",14.3,48.3,72.3,32.1,63.3,84.8,22.3,51.2,32.3,62,37.5,30.5,25.1,"30.5"
"Tovar, Ezequiel",678662,2024,695,28.8,3.3,"0.200",".291","88.8",9,39.8,82,44.1,46.5,78.1,33.5,62.3,36.4,68.2,34.5,33.6,24.6,"28.1"
"Rafaela, Ceddanne",678882,2024,571,26.4,2.6,"0.144",".276","86.6",7.5,36.9,78.6,46.4,53.3,75.7,33,61.9,37.2,70.5,42.5,26.4,22.9,"28.8"
"Kwan, Steven",680757,2024,540,9.4,9.8,"0.133",".337","86.3",2.6,23.7,57.7,19.2,79.6,95.7,8.2,39.1,30.4,58.9,37.4,28.3,27.8,"27.1"
"Duran, Jarren",680776,2024,735,21.8,7.3,"0.207",".340","90.8",9.3,43.9,68.2,28.1,52.9,84.3,24.8,48.3,29.9,58.7,46.8,21,25.6,"29.6"
"Gelof, Zack",680869,2024,547,34.4,6.9,"0.151",".273","89.2",8.8,37.2,72.1,29.7,37.2,73.9,36.4,51.5,41.6,65.4,43.5,27.4,22.7,"28.7"
"Donovan, Brendan",680977,2024,652,12.4,7.2,"0.139",".341","88.7",5.5,37.6,63.7,23.7,66.4,91.4,15.1,44.2,35.4,59.7,42.3,22.9,27.2,"27.0"
"Stott, Bryson",681082,2024,571,16.3,9.3,"0.111",".311","87",3.6,30.8,59.6,28.3,75,86.7,17,44.1,32.2,63.2,43.1,25.8,23.7,"29.1"
"Cowser, Colton",681297,2024,561,30.7,9.3,"0.205",".333","90.5",13.6,46.1,64,25,43.3,79.9,30.4,44.5,34.8,58.3,43.3,30.6,22.4,"28.2"
"O'Hoppe, Logan",681351,2024,522,29.7,6.3,"0.165",".333","90.4",12,46.3,72.4,34,45.7,77.3,33.6,52,42.3,64,38,29.4,26.4,"28.1"
"De La Cruz, Elly",682829,2024,696,31.3,9.9,"0.212",".330","91.8",12.7,45.7,61.7,26.9,45.8,76.8,33.4,43.4,43.4,62.1,47.1,24.8,24.8,"30.0"
"Abrams, CJ",682928,2024,602,21.3,6.6,"0.187",".320","88.2",6.9,40.7,70.4,35.5,62.4,81.6,24.7,53.3,45.2,63,40.7,28,22.7,"28.5"
"Greene, Riley",682985,2024,584,26.7,11,"0.217",".355","91.3",13.4,47.1,66.3,23.1,54.2,80.6,26.8,44.3,37.4,60.4,43.6,27.7,24.9,"27.7"
"Carroll, Corbin",682998,2024,684,19,10.7,"0.197",".328","89.3",7.2,40.8,59.8,24.9,63.9,87,20.3,41.4,37.8,56.4,44.6,22.1,21.2,"29.6"
"Henderson, Gunnar",683002,2024,719,22.1,10.8,"0.248",".375","92.8",11.2,53.9,66.7,23.2,57.2,82.5,24.4,44.2,36.6,55.6,47.4,23.6,24.6,"28.9"
"Volpe, Anthony",683011,2024,689,22.6,6.1,"0.121",".278","87.7",3.9,35.4,65.4,29.3,62.6,83.5,22.6,48.1,30.2,61.3,50.6,21.6,23.3,"28.6"
"Vaughn, Andrew",683734,2024,619,21.3,6.1,"0.156",".320","90.3",9.3,43.3,66.7,33,58.4,88.2,22,49.4,33.4,64.3,38.6,30.9,21.7,"26.3"
"Busch, Michael",683737,2024,567,28.6,11.1,"0.192",".324","89.9",11.2,39.9,68.6,23.2,48.9,79.8,28.4,45.2,40.5,61,38.8,32,22.8,"27.3"
"Frelick, Sal",686217,2024,524,14.9,7.4,"0.076",".283","83.4",0.8,19.5,57,25.8,76.2,91.9,12.9,41.5,29.5,61.1,48,18,24.8,"29.3"
"Pasquantino, Vinnie",686469,2024,554,12.8,7.2,"0.184",".336","91",7.1,46.5,66.3,30.7,71.6,92.5,14.5,47.8,45.8,59.9,40.3,27.8,23.5,"25.6"
"Doyle, Brenton",686668,2024,603,25.4,7.6,"0.186",".330","89.2",10.5,41.4,74.5,30,43.5,81.8,29.8,51.4,36.9,64.5,40.4,29.2,25.9,"29.3"
"Neto, Zach",687263,2024,602,23.3,6.5,"0.194",".319","88.5",8.4,38.8,67.9,31.3,54.2,82.2,27.1,48.9,46.2,62.1,45.2,29.2,18.7,"28.2"
"Ortiz, Joey",687401,2024,511,20.2,11,"0.159",".307","87.8",4.6,38.4,53.5,24.7,66.7,90.1,17.1,39.4,38.2,58.5,49.4,20.5,20.8,"28.7"
"Keith, Colt",690993,2024,556,19.8,6.5,"0.120",".314","87.8",5.6,35.3,67.9,29.9,55.6,86.6,23.2,48.6,36.3,61.9,44.1,25,26,"27.7"
"Winn, Masyn",691026,2024,637,17.1,6.4,"0.149",".296","87",3.7,32.7,62.7,30.4,67.8,87,19,47,32.7,62.1,41.2,24.3,26.5,"28.8"
"Chourio, Jackson",694192,2024,573,21.1,6.8,"0.189",".327","89.7",7.8,44.9,66.1,31.9,53,82.7,27.1,48.8,33.2,65,48,24.4,23.9,"29.7"
"Schanuel, Nolan",694384,2024,607,17,11.2,"0.112",".322","86.1",3.5,25.4,62.1,21.5,72.7,90,14.4,41.8,39.2,62.4,46.2,22.5,27.7,"26.4"
"Langford, Wyatt",694671,2024,557,20.6,9.2,"0.162",".332","89.6",9.3,43.4,64.3,23,61.5,83.2,22.9,42.8,44.7,60.7,40.1,28.9,22,"29.8"
"Young, Jacob",696285,2024,521,19.6,5.8,"0.075",".291","85.8",1.6,28.9,60.3,27.8,63.4,87.9,19.3,44.9,27.3,64.7,56.5,15.4,23.1,"29.7"
"Merrill, Jackson",701538,2024,593,17,4.9,"0.208",".375","90.4",11.3,43.9,80,34.5,64.6,86.1,20.5,56.9,32.3,65.5,36.8,33.1,26,"28.5"
"McCutchen, Andrew",457705,2025,551,21.4,12.2,"0.128",".333","89.5",8.3,42.5,69,20.7,50,80.5,26.2,45.6,46.7,58.3,42.3,27.1,22.7,"27.1"
"Goldschmidt, Paul",502671,2025,534,18.7,6.7,"0.129",".329","90.4",7.9,43.7,66.3,27.3,68.4,83.6,20.5,47.8,37.1,64.7,38.9,29.7,25.8,"26.1"
"Altuve, Jose",514888,2025,654,16.7,8.4,"0.177",".300","85.1",6.2,30.9,63.5,38.9,69.6,86.6,20.7,50,52.5,66.5,43.2,25.1,19.8,"26.9"
"Freeman, Freddie",518692,2025,627,20.4,9.6,"0.207",".350","90.9",10.4,45.7,76.1,28.4,57.6,78.6,27.3,51.9,43.4,60,41.6,29.1,25.4,"25.6"
"Perez, Salvador",521692,2025,641,19.5,4.4,"0.210",".357","90",14.8,46.7,74.8,42.4,58.4,82.7,26.9,57.4,45.9,65.7,35.1,32.6,23.3,"24.4"
"Ozuna, Marcell",542303,2025,592,24.3,15.9,"0.168",".354","89.9",11.4,44.6,57.9,22.3,57.7,81.1,25.8,39.4,42.9,59.4,40.3,32.6,22.3,"25.3"
"Semien, Marcus",543760,2025,534,17.4,9.4,"0.134",".318","88.3",6.7,35,75.3,23.4,50,86.1,22.6,49,44.6,61.6,34.5,33.4,23.1,"28.5"
"Springer, George",543807,2025,586,18.9,11.8,"0.251",".404","90",16.1,47.6,71.1,20.4,52.4,79.6,26.1,46.2,39.9,59.5,37.9,28.4,25.6,"28.0"
"Trout, Mike",545361,2025,556,32,15.6,"0.207",".358","90.9",15.8,49.3,55.9,20.7,43.8,79.3,29.9,38.8,37.7,51.9,34.2,30.3,28.2,"27.9"
"Harper, Bryce",547180,2025,580,20.9,12.1,"0.226",".368","91.3",12.3,47.5,78.9,35.6,49.9,80.9,30.7,54.2,36.3,64.5,43.6,28.5,25.6,"27.0"
"Suárez, Eugenio",553993,2025,657,29.8,7,"0.298",".320","90.2",14.3,47.6,69.4,31.1,39.2,78.8,33.3,50.4,47.4,64,32.1,40.9,18.5,"26.4"
"Walker, Christian",572233,2025,640,27.7,6.3,"0.183",".314","90.9",12.9,46.1,75.8,28.1,43.8,78.7,30.5,52.2,42.2,61.3,37.4,29.4,24.3,"26.2"
"Yastrzemski, Mike",573262,2025,558,19.4,12.9,"0.170",".329","90.8",8.5,42.6,61.2,22,67.2,85.9,19,41.8,39.6,55.5,32.7,33.5,24.5,"26.9"
"Contreras, Willson",575929,2025,563,25.2,7.8,"0.190",".358","90.6",13.9,49,66.2,30.2,49.7,80.5,28.9,48.5,37.7,62.7,41.9,28,25.8,"27.5"
"Castellanos, Nick",592206,2025,589,22.6,5.4,"0.150",".302","87.8",7.6,34.5,80,40.9,50.6,81.9,29.9,58.8,40.5,70.6,38.8,31,26.7,"27.7"
"Judge, Aaron",592450,2025,679,23.6,18.3,"0.357",".460","95.4",24.7,58.2,67,22.5,38.9,75.3,34.6,43.7,36.3,56.9,33.5,38.4,22.4,"27.1"
"Machado, Manny",592518,2025,678,19.3,8.1,"0.185",".355","92.9",12.9,51.5,70,29.9,56.3,81.4,26.1,50,35.6,63.5,38.9,29.2,24.9,"25.8"
"Realmuto, J.T.",592663,2025,550,23.5,6.4,"0.127",".316","90",8.8,45.5,65.6,32.3,56.8,85.4,24.3,48.6,38.8,57.5,44.7,23.7,25.8,"28.4"
"Yelich, Christian",592885,2025,644,25.9,9.9,"0.188",".330","90.2",10.3,46.4,66.7,25.7,44.2,81.6,29.2,45.7,33.4,65,56.8,17.2,22.9,"28.2"
"Bogaerts, Xander",593428,2025,552,17,8.7,"0.128",".327","89",6.9,39.2,58.8,23.6,60.7,85.5,21.3,41.9,42.4,60.5,43.8,23.2,26.8,"27.6"
"Polanco, Jorge",593871,2025,524,15.6,8,"0.230",".343","90.8",10.3,45.8,66.9,26.9,55,86,23.3,46.3,48.4,58.5,38,28.7,22.7,"27.1"
"Lindor, Francisco",596019,2025,732,17.9,8.9,"0.199",".345","90.5",8.8,44.4,67.3,26.7,64.2,84.7,20.8,47.7,42.1,61.1,39,27.5,25,"27.4"
"Story, Trevor",596115,2025,654,26.9,5,"0.170",".311","91.4",9.8,47,72.3,35.3,45.7,82.1,29.3,54.4,37.4,64.2,43.6,27.4,20.5,"28.6"
"Bell, Josh",605137,2025,533,16.5,10.7,"0.180",".359","90.4",12,47,68.9,26.8,59,83.7,23.6,47,41.5,62.7,46,27.9,20.6,"25.2"
"Betts, Mookie",605141,2025,663,10.3,9.2,"0.148",".330","89.1",5.5,35.8,59.9,21.6,62.3,92.4,15.3,41.2,42.9,59.3,32.8,34.5,26.7,"26.9"
"Hernández, Teoscar",606192,2025,546,24.5,4.8,"0.207",".323","90.2",11.5,46.1,68.5,30,44.5,77.2,31.9,50.4,35.9,62.8,45.3,27.7,23,"28.1"
"Marte, Ketel",606466,2025,556,14.9,11.5,"0.234",".390","90.8",13.5,47,67.3,24.7,60.2,84.2,22.5,45.3,47.3,57.2,40.8,28.2,21.8,"26.6"
"Nimmo, Brandon",607043,2025,652,21.6,7.7,"0.174",".321","91.9",8.8,50.2,66.3,24.2,54.7,82.8,23.8,47.2,35.2,61,46,23.6,23.1,"27.3"
"Turner, Trea",607208,2025,639,16.7,6.7,"0.153",".321","89.3",5.8,42.1,72.8,31.1,50.9,86.1,24.8,51.4,38.6,63.6,48.3,23.1,24.2,"30.3"
"Ramírez, José",608070,2025,673,11,9.8,"0.220",".342","88.9",7,37,66,29,72.6,91,14.9,46.8,51.6,56.6,33.3,29.9,25.5,"28.4"
"Swanson, Dansby",621020,2025,645,26,7.3,"0.173",".345","90.5",11.7,47.8,73.7,25.2,44.3,77.5,30.5,50.3,42.3,61.6,42.3,27.3,24.5,"28.5"
"Correa, Carlos",621043,2025,584,19.3,7.7,"0.126",".338","90.5",6.8,45.9,64.4,28.8,59.8,85.9,22.3,46.4,34.4,64.6,48.2,18.8,27.5,"26.5"
"Buxton, Byron",621439,2025,542,27.3,7.6,"0.287",".350","92.5",17.6,53.8,74.1,29.5,41.1,79.6,31.3,51.8,48.8,67,36.7,34.7,21.4,"30.2"
"Ward, Taylor",621493,2025,663,26.4,11.3,"0.247",".333","90.1",13.7,42.7,53.7,20.7,48,86.5,23.8,37.6,36.6,61.4,34.4,36.1,21.7,"27.3"
"Olson, Matt",621566,2025,724,24.3,12.6,"0.212",".360","93.3",14.3,53.3,66.5,24.9,62.6,78.2,26.2,45.3,36.6,58,39.7,28.3,24.7,"25.2"
"Alonso, Pete",624413,2025,709,22.8,8.6,"0.252",".386","93.5",18.9,54.4,65.7,27.4,57.6,81.6,25.6,46.3,39.3,59.3,37.8,29.9,25.5,"25.3"
"Cronenworth, Jake",630105,2025,515,20.8,13.4,"0.131",".319","88.5",6.2,39,62.1,22.2,59.3,88.6,18.8,42.7,35.6,60.3,43,30,21.4,"28.1"
"Bellinger, Cody",641355,2025,656,13.7,8.7,"0.208",".327","88.3",7.5,37.9,67,30.1,69.6,87.5,18.1,48.3,42.4,60,32.9,35.7,24.3,"28.2"
"Crawford, J.P.",641487,2025,654,18.7,11.3,"0.105",".329","87.2",4.8,34.7,65.1,21.9,65.7,83.6,20.4,45.1,33.6,56.8,44.4,23.1,27.3,"26.7"
"McMahon, Ryan",641857,2025,586,32.3,11.9,"0.167",".322","93.3",12.1,50.5,64.7,25,37.7,74.8,35.2,45.4,41.2,62.9,43.3,30.7,22.9,"26.7"
"Adames, Willy",642715,2025,686,26.1,11.7,"0.196",".327","88.9",12.6,42.8,67.9,26.7,46,81.2,29.2,46.7,44.2,59.2,31.8,36.3,22.3,"28.0"
"Albies, Ozzie",645277,2025,667,14.1,8.2,"0.125",".299","87.5",4.9,30.7,77.9,33.5,67.3,85.2,20.8,54.1,48.8,59.4,37.2,28.4,23.5,"27.2"
"Devers, Rafael",646240,2025,729,26.3,15.4,"0.227",".367","93.5",16,56.1,70.1,25.6,60.9,71.3,31.6,47.2,35.8,61.2,42.7,30.1,22.9,"25.0"
"Naylor, Josh",647304,2025,604,13.7,7.9,"0.167",".335","89.2",6.7,41.9,72.6,37.1,62,86.9,22.1,53.9,42.2,63,45.8,26,23,"24.4"
"Arraez, Luis",650333,2025,675,3.1,5,"0.100",".303","86.1",1.1,16.7,62.7,34.1,92.3,95.8,5.3,49.4,29.4,62.4,45.1,22.5,28,"26.5"
"Torres, Gleyber",650402,2025,628,16.1,13.5,"0.131",".363","90",8.2,39,64.8,17.1,63.2,85.1,19.5,40.8,31.1,58.1,38.4,30.6,26,"26.2"
"Díaz, Yandy",650490,2025,651,14.1,8.8,"0.182",".353","93",8.3,52.5,63.7,24,69,86.9,17.9,44.4,25,54.4,54,20,22.4,"26.1"
"Rengifo, Luis",650859,2025,541,19.2,6.1,"0.097",".302","87.1",5,32.7,71.5,30.5,59.6,85.5,21.9,51.6,32.7,64.9,50.6,18.5,25.2,"27.0"
"Chapman, Matt",656305,2025,535,23.6,13.3,"0.199",".340","92.2",9.9,47.6,63.8,20.1,54.8,80.7,25.3,42.4,43.4,58.8,40.4,24.7,22.3,"28.1"
"McKinstry, Zach",656716,2025,511,21.7,9,"0.179",".305","85.7",6.1,30.5,65.5,26.4,59.3,83.8,22.8,46.7,43.2,61.8,40.9,24.5,29.1,"28.3"
"O'Hearn, Ryan",656811,2025,544,20,10.7,"0.156",".343","89.4",7.6,42.5,66.8,26.8,57.9,84.3,23.3,46.8,36,60.4,45,25.7,24.1,"27.6"
"Schwarber, Kyle",656941,2025,724,27.2,14.9,"0.323",".403","94.3",20.8,59.6,64.1,21.5,42.7,75.8,33.1,41.8,54.7,53.6,34.3,34.3,22.5,"25.9"
"Sheets, Gavin",657757,2025,545,19.6,8.1,"0.177",".340","89.9",9.5,46.5,59.6,31.4,63.1,85.2,23,44.7,42.2,58.3,37.3,24.4,29,"27.0"
"Ohtani, Shohei",660271,2025,727,25.7,15,"0.340",".425","94.9",23.5,58.7,66.1,26,46.7,75.2,33.4,45,43.2,59,39.7,35.7,21.1,"28.0"
"Contreras, William",661388,2025,659,18.2,12.7,"0.139",".331","91.1",6.4,48.5,67.9,25.2,57.1,82.9,24.2,46.5,35.2,60.2,50.4,21.7,23.9,"26.2"
"Nootbaar, Lars",663457,2025,583,20.4,11,"0.127",".317","91.3",10.2,50,56,22,58.3,87,20.9,39.4,33.8,55.9,37.8,26.1,25.4,"27.0"
"Hoerner, Nico",663538,2025,649,7.6,6,"0.097",".322","86.7",2.3,30.3,63.4,32.5,75.5,94.9,11.2,48.8,37,60.6,44.9,23.8,25.5,"28.6"
"Larnach, Trevor",663616,2025,567,21.5,9.3,"0.154",".318","90.9",7.2,45.7,62.2,27.5,40.4,83.9,29.8,44.5,40.1,56.9,43.7,25.8,25.8,"26.1"
"Hayes, Ke'Bryan",663647,2025,570,19.5,6.3,"0.071",".282","89.3",4.5,42.5,60.7,27,59.1,89.1,19.9,44.1,29.2,58.9,49,18.4,24.4,"27.2"
"Tucker, Kyle",663656,2025,597,14.7,14.6,"0.198",".372","90.1",10.8,40.4,70.8,17.6,57.9,84.9,20.2,45.2,45.2,56.3,33.9,32.7,26.7,"26.5"
"India, Jonathan",663697,2025,567,18.7,9.5,"0.113",".315","87.9",5.8,36.8,58.1,18.6,53,87.3,19.9,40.3,48,62.1,38.3,29.7,21.8,"28.2"
"Raleigh, Cal",663728,2025,705,26.7,13.8,"0.342",".371","91.3",19.5,49.6,75,31.8,48.5,78.4,31.5,51.7,54.5,61.2,25.8,41.8,19.5,"26.0"
"Grisham, Trent",663757,2025,581,23.6,14.1,"0.229",".370","91.1",14.2,46.4,58.1,17.3,54.4,83.4,22.7,38.9,47.8,56.8,37.2,33.5,20.7,"26.7"
"Lowe, Nathaniel",663993,2025,609,26.1,10.2,"0.153",".303","89",7,41.5,63.8,24,54.2,82.6,24.7,44.6,31.6,59.8,43.8,26.9,24.4,"26.2"
"Happ, Ian",664023,2025,663,22.8,13.1,"0.177",".354","90",10.4,44.4,63.5,20.8,50.9,82.5,24.6,43.5,40.9,59,36.6,29.1,26,"27.4"
"Lowe, Brandon",664040,2025,553,26.9,6.9,"0.221",".335","91.1",12.9,46.6,77.6,32.1,41.1,76.6,33.4,55.5,45.6,61.8,37.9,29.7,25.8,"26.9"
"Bohm, Alec",664761,2025,504,16.3,5.8,"0.122",".324","90.8",6.2,46.4,66.9,26.3,70.6,90.3,14.6,48.2,27.3,61.9,49.7,20.9,27.3,"26.5"
"Peña, Jeremy",665161,2025,543,17.1,6.4,"0.173",".334","88.9",8.2,42.9,68.3,35.5,48.2,87.2,27.1,51,42.7,66.6,47.9,23.8,23.3,"29.6"
"Tatis Jr., Fernando",665487,2025,691,18.7,12.9,"0.178",".370","93.3",10.9,51.8,70.3,24.4,49.3,82.3,27,45.9,36.2,57.4,49,25.3,19.9,"28.6"
"Guerrero Jr., Vladimir",665489,2025,680,13.8,11.9,"0.175",".384","92",12.2,50.7,62.3,21.5,61.9,84.1,21.5,42.2,34.9,55.4,47.1,19.8,27.1,"26.9"
"Soto, Juan",665742,2025,715,19.2,17.8,"0.262",".429","93.8",18.1,55.3,55.6,15.9,57.3,83.6,22.4,35.5,38.9,55.6,45.2,27.5,20.8,"25.8"
"Cruz, Oneil",665833,2025,544,32,11.8,"0.178",".324","95.8",17.9,56.6,58.2,28.2,49,76.2,34,41.6,36.1,60.6,48.3,25.2,21.9,"29.2"
"Chisholm Jr., Jazz",665862,2025,531,27.9,10.9,"0.239",".346","89",15,43.3,68.4,26.5,49.8,75,32.2,47.1,48.9,62,39.5,33.2,17.9,"27.6"
"Lux, Gavin",666158,2025,503,22.7,11.1,"0.105",".299","88.3",3.6,36.9,65.1,19.5,51.5,86.2,21.6,42.7,39,63.2,47.1,22.5,27.6,"27.9"
"Adell, Jo",666176,2025,573,26.4,5.8,"0.249",".365","91.7",17.3,50,74.2,32.7,47.5,83.1,28.5,52.6,38,67,38,29.8,23.4,"27.9"
"Bichette, Bo",666182,2025,628,14.5,6.4,"0.172",".353","91",7.9,48.8,72.1,35.2,66.8,89.2,18.4,53.1,26.7,60.4,47.4,19.8,29.1,"26.1"
"García, Adolis",666969,2025,547,24.7,5.1,"0.167",".304","92.1",11.6,46.7,69.9,35.8,56.1,77.2,30.3,52.2,38,61.7,36.9,33.8,22.2,"27.0"
"Gurriel Jr., Lourdes",666971,2025,546,13.9,5.7,"0.170",".315","87.8",7.2,38.3,69.5,34.5,63.1,87.9,20.2,52.3,40.2,64.5,37.4,27.3,26.3,"27.1"
"Rooker, Brent",667670,2025,699,22.2,9.3,"0.217",".351","90.7",13.7,44.8,75.3,26.5,41.9,79.6,30.8,50,42.9,63.8,37,30.2,26,"27.5"
"Arozarena, Randy",668227,2025,709,26.9,9,"0.188",".327","91.3",11.5,50.6,62.5,25.3,56.2,75.9,29.7,44,33,62.4,42.6,26.9,21.3,"27.7"
"Steer, Spencer",668715,2025,568,22.7,9,"0.173",".293","87.3",7.6,33.2,67.5,24.8,53.4,81.6,25,48,45.4,65.3,35.2,30.3,23.8,"28.0"
"Reynolds, Bryan",668804,2025,654,26.5,8.7,"0.157",".338","91.2",10.1,46,73.4,26,42.9,80.5,29.4,49.6,41.2,64.8,47.2,23.5,28.3,"28.1"
"Turang, Brice",668930,2025,659,22.8,10,"0.147",".335","91.1",7.9,47.4,62.8,23.8,62.8,84.5,21,44.3,25.9,57.1,46.9,25.6,25.2,"28.9"
"Langeliers, Shea",669127,2025,523,19.7,6.9,"0.259",".328","90.9",11.2,44.9,73,32.1,54.7,84,25.1,52.4,41,62.5,37.3,29,25.3,"28.6"
"Edwards, Xavier",669364,2025,619,14.2,7.9,"0.070",".295","86.8",0.8,29.4,69.1,26.8,76.6,91.8,12.2,49,28.8,62.7,49.3,20.3,26.3,"28.3"
"Smith, Josh",669701,2025,563,17.8,9.8,"0.115",".310","87.2",5,31.1,63.1,25.7,60.3,87.7,19.6,45.5,36.3,61.5,44.6,24.1,24.6,"27.5"
"Friedl, TJ",670770,2025,685,16.8,11.8,"0.117",".300","87.1",2.7,32.1,58.3,18.1,55.3,90.1,17.5,39.2,45.2,52.8,42.3,21.6,25.8,"26.7"
"Ramos, Heliot",671218,2025,695,22.7,7.5,"0.144",".320","91.8",8.8,47.4,66.1,29.8,53.8,84.4,25.3,47.8,33.1,61.6,44.4,25.4,24.4,"27.5"
"García Jr., Luis",671277,2025,526,16,5.1,"0.160",".339","90.2",9,45.8,71.4,37.9,60.2,88.8,21.7,53.9,38,67.2,45.5,24.5,24.5,"26.5"
"Butler, Lawrence",671732,2025,630,28.4,9.4,"0.170",".304","90.5",9.2,44.4,67.9,26.1,43.2,76.3,32.9,47,33.7,58.6,46.7,22.7,25.5,"26.9"
"Harris II, Michael",671739,2025,641,20,2.5,"0.160",".315","90.2",9.1,43.4,71.3,43.1,55.3,88.2,24.4,57,35.8,67.8,50.6,21.3,22.3,"28.5"
"Kirk, Alejandro",672386,2025,506,11.7,9.5,"0.139",".359","91.1",10.1,50.8,65.9,29,72.4,85.6,18.5,47.2,28.1,60.2,44.2,25.4,24.1,"24.3"
"Garcia, Maikel",672580,2025,666,12.6,9.3,"0.163",".335","91.3",5.6,45.1,58,20.8,68.3,90.6,15,40.1,35.3,62.5,44.9,21.6,27.2,"27.9"
"Lopez, Otto",672640,2025,594,13.8,7.4,"0.122",".330","88.5",7.1,38.3,62.7,29.5,63.3,89.3,18.9,46.3,34.4,62,48.6,23.2,23.4,"28.5"
"Perdomo, Geraldo",672695,2025,720,11.5,13.1,"0.172",".356","87.6",6.2,31.9,57,19.2,73.8,92.1,12,39.7,40.3,58.6,39.8,26.5,25.5,"27.2"
"Sosa, Lenyn",672820,2025,544,23.3,3.3,"0.170",".326","90.7",10.4,43.8,61.5,40.9,62.8,86,23.5,51,36.2,62.5,32.2,29.6,29.1,"26.7"
"Diaz, Yainer",673237,2025,567,16.8,3.5,"0.161",".326","89.9",9.6,42.2,78.3,44.3,61.4,87.3,23.4,59.5,36.7,69.7,46,23.3,24.9,"27.3"
"Suzuki, Seiya",673548,2025,651,25.2,10.9,"0.233",".352","91.3",16.6,48.7,59.1,20.5,50.2,84.3,23.9,40.6,41.9,59.6,31.8,34.7,25.8,"28.4"
"Jung, Josh",673962,2025,511,25.2,5.3,"0.139",".304","89.3",8.2,46.7,69.5,33.2,59.3,82.1,25.4,51.1,35.1,66.5,41.6,24.9,27.5,"26.6"
"Clement, Ernie",676391,2025,588,10.4,4.6,"0.121",".289","86.6",2.4,26,72,36.4,71.3,93,14.5,53.8,40.1,64.1,34.7,28.6,27.6,"28.6"
"Burleson, Alec",676475,2025,546,14.5,7.1,"0.169",".345","91",9.5,43,69.5,28.9,70,87,17.9,49.3,33.6,59,40.2,28.8,24.1,"25.5"
"Wagaman, Eric",676572,2025,514,19.5,6.2,"0.128",".315","91",6.8,46.5,64.5,25.8,52.6,85,24.2,45.2,38.1,64.2,44.1,24.4,25.7,"26.9"
"Rodríguez, Julio",677594,2025,710,21.4,6.2,"0.207",".348","91.8",9.8,48,75.2,35.9,53.6,80.6,28.2,55.4,35.9,67,48.2,25.7,21.1,"29.2"
"Witt Jr., Bobby",677951,2025,687,18.2,7.1,"0.206",".365","93.3",12.5,48.5,71.5,30.7,59.2,83.4,23.9,51.1,32.9,62.7,37.4,27.9,26.1,"30.2"
"Vargas, Miguel",678246,2025,569,17.6,9.8,"0.167",".319","89.7",9.3,40.5,69.2,21.6,64.5,83.8,20.6,46.2,40.5,61,29,35.1,25.3,"27.5"
"Rafaela, Ceddanne",678882,2025,587,19.9,4.8,"0.165",".305","88.3",9.2,38.7,75.3,42.2,57.1,82.1,26.8,58.9,37.6,70.7,44,26,21.4,"29.1"
"Torkelson, Spencer",679529,2025,649,26,11.1,"0.216",".334","90.2",13.5,45.1,65.9,22.4,44.6,82.4,26.9,44.6,48.4,62.3,27.6,36.6,24.1,"26.7"
"McLain, Matt",680574,2025,577,28.9,9.5,"0.123",".290","88.8",7.7,40.7,59.9,26.3,51.5,80.2,28.5,43.2,32,60.3,39.7,30,21.4,"29.2"
"Barger, Addison",680718,2025,502,24.1,7.2,"0.211",".331","91.7",11.4,51,66.4,31.1,55.6,82,26.1,49.2,43.7,61.3,42.5,22.9,24.9,"27.7"
"Kwan, Steven",680757,2025,693,8.7,7.9,"0.102",".310","86.2",1.9,19.3,58.8,22.7,77,96.1,8.7,41.9,29.7,59,39.1,26.1,29,"27.3"
"Duran, Jarren",680776,2025,696,24.3,8.6,"0.186",".326","91.8",9.7,46.8,64.2,31.1,45.5,83.6,29.3,47.2,35.4,58.3,41.5,25.1,25.5,"29.1"
"Donovan, Brendan",680977,2025,515,13,8.2,"0.135",".346","89.7",8.8,40.9,61.3,25,74,91.3,13.4,43.8,34.8,61,43.1,22.3,28.1,"26.6"
"Stott, Bryson",681082,2025,560,16.3,9.6,"0.134",".313","87.6",5.1,29.5,55.6,23.3,72.8,87.3,16.7,40.4,29.2,58.6,41.1,29.2,23.7,"28.8"
"Pages, Andy",681624,2025,624,21.6,4.6,"0.189",".316","88.6",8.4,37.2,70.5,33.2,57.7,87.1,21.5,53.1,40.7,65.4,35.4,32.5,27.2,"28.1"
"Ramírez, Agustín",682663,2025,585,19.3,6.2,"0.182",".332","90.8",11,47,70,32,51.7,86.3,25.5,49.9,39.7,61.4,45.8,22.2,23.8,"26.7"
"De La Cruz, Elly",682829,2025,699,25.9,9.6,"0.176",".322","91",10.2,44.2,64.1,28.5,47,78.5,31.7,45.7,36.5,63,51.2,20.9,22.7,"29.1"
"Abrams, CJ",682928,2025,635,19.7,5.8,"0.176",".309","88.7",7.6,39.2,67.4,32.6,59.3,83,24.4,50.6,43.8,59.9,40.1,28.1,23.7,"28.2"
"Greene, Riley",682985,2025,655,30.7,7,"0.235",".335","89.9",17.1,45.5,73.6,31.2,52,76.2,30.9,52.6,40.8,63.3,40.8,31.7,22.3,"26.7"
"Carroll, Corbin",682998,2025,642,23.8,10.4,"0.282",".372","92.1",14.5,49.9,66.9,31.6,63.3,81,24.8,48.9,42.4,60,35.7,32,22.9,"29.8"
"Henderson, Gunnar",683002,2025,651,21,9.5,"0.164",".341","92.1",8.5,49.2,67.5,27.7,54,83.5,25.1,47.6,36.6,59.4,48.5,18.9,25.8,"28.5"
"Volpe, Anthony",683011,2025,596,25.2,7.2,"0.179",".301","89.3",10.5,41.9,65.7,23.9,64.4,78.3,25.1,45.9,32.8,63.1,41.6,29.8,21.6,"28.3"
"Busch, Michael",683737,2025,592,23.5,9.5,"0.262",".378","92.2",17.1,47.3,68.5,23.1,45.5,84,25.1,46.8,44.2,65.5,36.2,37,23.5,"26.5"
"Frelick, Sal",686217,2025,594,13.5,7.9,"0.117",".299","85.5",3.1,27.4,60,26.3,77.7,90.7,12.8,44.1,41,56.9,46.7,20.2,23.2,"28.9"
"Pasquantino, Vinnie",686469,2025,682,15.7,7.2,"0.211",".334","90.9",10.8,44.7,65.2,30.4,63.8,90,18.2,48,45.1,63,38.2,29.7,24.3,"25.5"
"Doyle, Brenton",686668,2025,538,25.7,5.6,"0.143",".300","89.9",10.8,44.6,71,30.1,44.1,81.6,29.7,50.4,40,64.1,46.5,25.9,23,"29.5"
"Lee, Brooks",686797,2025,527,17.5,5.9,"0.134",".289","88.6",5.8,38.5,68.6,31.8,51.4,88,24,49.8,40.8,60.2,44.3,29,20.5,"26.1"
"Neto, Zach",687263,2025,554,26.9,6,"0.217",".344","91",14,46.6,69.5,30.1,49.3,81.4,29.1,48.6,45.8,64.8,36.3,31.6,24.6,"28.1"
"Ortiz, Joey",687401,2025,506,14.6,5.3,"0.087",".275","84.9",3,32.8,57.8,33.4,70.1,90.6,16,46.8,29.6,66.2,45.5,18.7,22.4,"28.7"
"Beck, Jordan",687597,2025,588,29.6,7.3,"0.158",".301","87.4",9.6,38.5,67.2,27.4,48.6,76.9,31.2,47.4,39.1,61.4,42.1,26.5,26.2,"28.7"
"Soderstrom, Tyler",691016,2025,624,22.6,8.8,"0.198",".341","91.6",11.4,49.8,68.3,28.9,51.7,84,25.4,48.9,33.2,62.7,48.3,23.5,24.6,"27.4"
"Winn, Masyn",691026,2025,537,19,6.3,"0.110",".286","88.3",4.8,34.6,62.3,25.9,65.7,85.8,19.6,45.3,38.9,55.1,39.2,24.4,25.4,"28.4"
"Caminero, Junior",691406,2025,653,19.1,6.3,"0.271",".346","92.4",14,51.4,69.5,32.2,61.1,82.1,24.7,50.4,44.4,59.7,46.7,25.8,19,"26.7"
"Crow-Armstrong, Pete",691718,2025,647,24,4.5,"0.234",".321","89.5",13,41.6,81.2,41.7,52.7,82,28.9,60.1,48.9,68.6,33.5,35.5,21.6,"29.5"
"Chourio, Jackson",694192,2025,589,20.5,5.1,"0.193",".307","89.3",9.7,42.3,70.4,36.9,55.6,84,26,53.4,34.3,69.6,42.8,25.7,24.1,"29.2"
"Schanuel, Nolan",694384,2025,564,12.6,10.5,"0.125",".327","87.5",4.5,29,65.4,24,67.9,91,15,45.2,38.7,57.2,42.9,25,26.9,"26.0"
"Langford, Wyatt",694671,2025,573,26.4,12.9,"0.190",".346","91.4",14,48.4,63.8,23.4,49.3,83.2,26.3,43,43.1,62.1,35,30.6,26.8,"28.9"
"Wood, James",695578,2025,689,32.1,12.3,"0.219",".361","94.3",16.3,56.3,55.8,24.3,43.9,76.9,32.9,40.2,29.7,56,49.7,21.3,27.6,"27.8"
"Goodman, Hunter",696100,2025,579,26.3,5.7,"0.242",".324","90.8",12.8,46.9,75.3,36.7,45.8,80.1,32,55,48.7,65.5,38.5,28.7,22.6,"27.2"
"Rice, Ben",700250,2025,530,18.9,9.4,"0.244",".394","93.3",15.4,56.1,65.5,21.2,55.8,86,21.2,43.3,44.4,59.4,39.8,28.5,24.9,"27.5"
"Manzardo, Kyle",700932,2025,531,25.4,9,"0.221",".322","90.3",11.8,43.8,67,27.4,53.3,79.3,27.7,48.4,39.7,60.4,30.3,35.3,24.4,"25.4"
"Durbin, Caleb",702332,2025,506,9.9,5.9,"0.131",".312","85.2",4,26.9,61.3,24.6,74.4,91.3,13,44.5,41.3,60.7,43.8,22.9,22.4,"28.1"
"Holliday, Jackson",702616,2025,649,21.6,8.6,"0.133",".314","88.8",7.8,40.8,68.3,22.3,53.6,81.6,24.5,47.1,33.8,62.8,49,25.1,21.9,"28.6"
"Meidroth, Chase",805367,2025,505,14.3,8.9,"0.067",".300","88.2",1.6,36.1,52.8,22.4,76.5,91,13,38.6,33.5,60,53.9,18.3,22,"27.0"
"Wilson, Jacob",805779,2025,523,7.5,5.2,"0.133",".304","84.6",2.2,24.7,66.6,32.1,85.9,92.4,9.6,49.9,34,64.8,53.3,17.1,24.2,"27.0"
"Lee, Jung Hoo",808982,2025,617,11.5,7.6,"0.141",".321","87.1",3.7,32,64.5,22.5,71.9,91.5,13.1,44.7,40,60.9,47.5,24.9,23.9,"28.2"